rule,label,affine,mle_mean,mle_sd,n_inf,samples,v_front_mean,v_front_sd,D_norm_mean,D_norm_sd,fill_mean,fill_sd,h_final_mean,r_final_mean,cone_grows
33,B05/S,False,1.089874,0.008853,0,10,0.204206,0.046560,0.004672,0.001829,0.107627,0.034643,70.30,12.40,True
44,B235/S,False,1.367789,0.001205,0,10,0.910404,0.022194,0.287727,0.009606,0.346741,0.009127,5768.20,64.00,True
86,B1246/S,False,1.489886,0.001775,0,10,0.956693,0.026368,0.322016,0.011855,0.351866,0.014167,6446.60,66.90,True
304,B458/S,False,-inf,,10,10,0.000000,0.000000,0.000000,0.000000,0.000000,0.000000,0.00,0.00,False
349,B023468/S,False,1.176780,0.004276,0,10,0.773645,0.035370,0.186426,0.004075,0.311543,0.024896,3749.30,54.30,True
381,B0234568/S,False,0.979772,0.118611,0,10,0.013081,0.021165,0.000147,0.000158,0.644797,0.461710,2.30,0.90,False
479,B01234678/S,False,0.784722,0.062724,0,10,0.066547,0.046823,0.000985,0.001080,0.147003,0.066783,15.10,4.10,False
566,B1245/S0,False,1.327305,0.003436,0,10,0.887050,0.027320,0.268821,0.007573,0.341608,0.017593,5374.10,62.10,True
571,B01345/S0,False,0.927758,0.005132,0,10,0.512604,0.182233,0.064460,0.024969,0.197898,0.079154,1285.50,35.30,True
629,B02456/S0,False,1.190738,0.109195,0,10,0.308101,0.066545,0.011153,0.004727,0.109321,0.018072,173.90,18.90,True
681,B0357/S0,False,1.557449,0.001832,0,10,0.987739,0.010266,0.321846,0.005691,0.329853,0.005558,6404.90,69.20,True
711,B01267/S0,False,0.705803,0.022519,0,10,0.008115,0.020602,0.000052,0.000126,0.029630,0.071562,0.80,0.50,False
723,B01467/S0,False,1.233629,0.010527,0,10,0.725610,0.257620,0.152341,0.055094,0.233638,0.083323,3101.20,50.60,True
869,B02568/S0,False,1.496021,0.001588,0,10,0.862942,0.303714,0.283466,0.099852,0.308219,0.108520,5679.70,60.60,True
914,B1478/S0,False,1.498279,0.001315,0,10,0.962689,0.014444,0.294736,0.008091,0.317915,0.008856,5904.40,67.40,True
998,B125678/S0,False,1.094317,0.003918,0,10,0.805899,0.024986,0.202164,0.013114,0.310060,0.012391,4066.30,56.50,True
1166,B1237/S1,False,0.863145,0.013426,0,10,0.516025,0.356365,0.106713,0.073944,0.195339,0.134973,2138.70,35.70,True
1191,B01257/S1,False,1.232955,0.046788,0,10,0.024346,0.039201,0.000078,0.000126,0.009917,0.015968,1.20,1.50,False
1288,B38/S1,False,1.417653,0.049743,0,10,0.031602,0.037167,0.000110,0.000137,0.022010,0.024472,1.50,1.90,False
1312,B58/S1,False,0.693147,0.000000,0,10,0.008115,0.017531,0.000026,0.000055,0.012082,0.027093,0.40,0.50,False
1322,B1358/S1,False,1.751930,0.001536,0,10,0.998377,0.005133,0.400655,0.003004,0.401970,0.004550,8013.50,69.90,True
1419,B01378/S1,False,1.174058,0.053847,0,10,0.223999,0.095926,0.001377,0.001543,0.023841,0.021672,21.10,14.20,True
1424,B478/S1,False,0.774239,0.170955,0,10,0.037331,0.023018,0.000156,0.000103,0.065346,0.058795,2.40,2.30,False
1427,B01478/S1,False,1.206178,0.022727,0,10,0.617083,0.230164,0.072278,0.029269,0.155521,0.064940,1588.80,43.20,True
1441,B0578/S1,False,1.108058,0.002417,0,10,0.711288,0.252374,0.131005,0.046461,0.209776,0.075938,2652.90,49.70,True
1470,B1234578/S1,False,0.932145,0.008329,0,10,0.055185,0.033526,0.000738,0.000549,0.132978,0.094883,11.60,3.40,False
1606,B126/S01,False,1.084890,0.006484,0,10,0.742233,0.263149,0.185965,0.065797,0.273232,0.097348,3738.00,52.20,True
1675,B0137/S01,False,1.126687,0.062225,0,10,0.266060,0.211325,0.002747,0.002531,0.018668,0.014612,68.10,18.50,True
1720,B3457/S01,False,1.030115,0.003796,0,10,0.660677,0.233479,0.151018,0.053641,0.279188,0.099524,3056.90,46.30,True
1741,B02367/S01,False,1.234279,0.004784,0,10,0.772603,0.272487,0.210439,0.074309,0.285200,0.101200,4485.00,54.10,True
1785,B034567/S01,False,0.768985,0.072878,0,10,0.061677,0.036708,0.000852,0.000688,0.210217,0.283558,13.10,3.80,False
1801,B038/S01,False,1.443817,0.004536,0,10,0.740861,0.391270,0.188750,0.100155,0.219999,0.116665,3930.90,51.90,True
1819,B01348/S01,False,1.137130,0.013745,0,10,0.257002,0.174817,0.005226,0.005056,0.045281,0.035310,93.00,17.30,True
1827,B0158/S01,False,1.044164,0.016471,0,10,0.056905,0.052117,0.000411,0.000471,0.035947,0.036269,7.90,3.60,False
2275,B01567/S2,False,1.372832,0.072569,0,10,0.699196,0.073989,0.086357,0.011835,0.178769,0.033050,1641.60,47.50,True
2301,B0234567/S2,False,0.683287,0.022531,0,10,0.294017,0.037065,0.012884,0.003535,0.143181,0.027783,230.10,19.60,True
2351,B012358/S2,False,1.385811,0.000949,0,10,0.064064,0.026756,0.000631,0.000518,0.111992,0.062059,10.00,3.90,False
2362,B13458/S2,False,1.310012,0.003776,0,10,0.775129,0.273316,0.226728,0.081234,0.304597,0.107358,4521.50,54.10,True
2430,B1234568/S2,False,0.963434,0.068453,0,10,0.073336,0.039737,0.000915,0.000700,0.148924,0.106096,14.30,4.40,False
2500,B2678/S2,False,1.498611,0.001793,0,10,0.985392,0.009213,0.325640,0.007914,0.335250,0.004897,6519.80,69.10,True
2561,B0/S02,False,1.197820,0.011240,0,10,0.024636,0.029315,0.000308,0.000354,0.124881,0.123403,7.40,1.80,False
2595,B015/S02,False,1.538028,0.007146,0,10,0.270476,0.129068,0.005672,0.002882,0.068967,0.040106,108.90,17.00,True
2602,B135/S02,False,1.864212,0.001973,0,10,0.996754,0.006844,0.424706,0.006380,0.427449,0.004438,8417.20,69.80,True
2618,B1345/S02,False,1.305772,0.004663,0,10,0.837138,0.028516,0.243442,0.008256,0.347178,0.021836,4910.70,58.70,True
2668,B2356/S02,False,1.416619,0.001907,0,10,0.933598,0.017702,0.321064,0.009075,0.368061,0.009692,6427.80,65.40,True
2692,B27/S02,False,1.494373,0.002333,0,10,0.588938,0.507021,0.182451,0.157199,0.189301,0.162964,3664.70,41.20,True
2997,B024578/S02,False,1.618194,0.002002,0,10,0.992543,0.009336,0.390002,0.008641,0.395826,0.005605,7803.70,69.40,True
3060,B245678/S02,False,1.400765,0.008893,0,10,0.867463,0.013079,0.279932,0.007789,0.371273,0.012535,5616.90,60.70,True
3117,B0235/S12,False,1.411977,0.005911,0,10,0.880536,0.028583,0.219502,0.010680,0.282927,0.015071,4495.40,61.10,True
3135,B012345/S12,False,1.385894,0.000246,0,10,0.016231,0.015303,0.000196,0.000171,0.247274,0.246687,3.00,1.00,False
3139,B016/S12,False,1.412648,0.008998,0,10,0.049553,0.091556,0.000399,0.000801,0.032384,0.061654,6.00,3.10,False
3150,B1236/S12,False,0.999204,0.008316,0,10,0.788221,0.030751,0.199452,0.011212,0.320089,0.017466,3981.10,55.40,True
3182,B12356/S12,False,1.101604,0.004755,0,10,0.723407,0.256207,0.189763,0.068030,0.293247,0.105562,3805.50,50.50,True
3251,B01457/S12,False,1.357513,0.001582,0,10,0.939847,0.017094,0.314299,0.010956,0.355576,0.011598,6309.80,65.60,True
3438,B123568/S12,False,1.103707,0.008265,0,10,0.714596,0.253454,0.169509,0.060520,0.268250,0.095240,3462.50,50.00,True
3526,B12678/S12,False,0.954401,0.008101,0,10,0.788332,0.034497,0.148934,0.013473,0.238922,0.020392,3549.00,54.80,True
3531,B013678/S12,False,1.457133,0.007877,0,10,0.800515,0.282653,0.201453,0.071502,0.254430,0.090276,4261.60,56.00,True
3593,B03/S012,False,1.416211,0.059260,0,10,0.679565,0.361287,0.105925,0.057751,0.148018,0.083209,2239.60,47.60,True
3643,B01345/S012,False,1.136091,0.007280,0,10,0.581910,0.059440,0.031440,0.007102,0.092308,0.018180,570.00,40.00,True
3886,B12358/S012,False,1.156012,0.006750,0,10,0.839747,0.019930,0.225035,0.008922,0.318396,0.013215,4510.10,58.80,True
3957,B024568/S012,False,1.361934,0.001993,0,10,0.876070,0.016349,0.285451,0.008145,0.371271,0.011264,5731.30,61.30,True
3965,B0234568/S012,False,0.858103,0.063718,0,10,0.303512,0.165863,0.018364,0.011376,0.126479,0.076756,323.10,20.00,True
4081,B045678/S012,False,1.105695,0.002860,0,10,0.758600,0.056107,0.151533,0.014114,0.264366,0.033619,3044.10,52.90,True
4111,B0123/S3,False,0.741189,0.063908,0,10,0.000000,0.000000,0.000000,0.000000,0.000000,0.000000,0.00,0.00,False
4221,B023456/S3,False,1.064679,0.006673,0,10,0.734181,0.019639,0.186465,0.011197,0.343924,0.011578,3732.70,51.50,True
4289,B067/S3,False,1.094861,0.076304,0,10,0.517649,0.357673,0.085575,0.059432,0.155733,0.107774,1687.40,36.20,True
4380,B2348/S3,False,1.196996,0.004298,0,10,0.899060,0.032728,0.272736,0.013093,0.337439,0.019739,5487.10,62.80,True
4459,B013568/S3,False,1.777348,0.002206,0,10,1.000000,0.000000,0.442581,0.004884,0.442581,0.004884,8833.40,70.00,True
4560,B4678/S3,False,1.386294,0.000000,0,10,0.000000,0.000000,0.000000,0.000000,0.000000,0.000000,0.00,0.00,False
4576,B5678/S3,False,1.386294,0.000000,0,10,0.000000,0.000000,0.000000,0.000000,0.000000,0.000000,0.00,0.00,False
4597,B0245678/S3,False,1.549443,0.008523,0,10,0.939951,0.010944,0.341281,0.007237,0.386043,0.012414,6848.00,66.00,True
4638,B1234/S03,False,0.953879,0.009698,0,10,0.624212,0.329886,0.154682,0.082463,0.252811,0.133539,3132.70,43.70,True
4642,B15/S03,False,1.562735,0.001057,0,10,0.987336,0.014072,0.316852,0.007118,0.325142,0.011755,6326.90,69.20,True
4750,B1237/S03,False,1.159528,0.005003,0,10,0.879157,0.018372,0.258919,0.008485,0.334359,0.008954,5227.90,61.80,True
4923,B013458/S03,False,1.338999,0.003270,0,10,0.867206,0.020341,0.229833,0.011453,0.305432,0.020367,4642.50,60.40,True
4956,B23468/S03,False,1.371878,0.003601,0,10,0.933258,0.025521,0.312226,0.009772,0.358492,0.015135,6274.20,65.10,True
5163,B0135/S13,False,1.709900,0.008558,0,10,0.827909,0.133958,0.067433,0.021393,0.095351,0.013963,1194.60,54.20,True
5168,B45/S13,False,1.441662,0.091062,0,10,0.066547,0.037833,0.000326,0.000248,0.059747,0.046814,5.00,4.10,False
5306,B13457/S13,False,1.466905,0.001622,0,10,0.952416,0.020197,0.342543,0.007928,0.377669,0.014446,6843.20,66.90,True
5568,B678/S13,False,1.378216,0.021926,0,10,0.019477,0.014915,0.000117,0.000096,0.100444,0.087098,1.80,1.20,False
5593,B034678/S13,False,1.564531,0.002078,0,10,0.994256,0.008570,0.388185,0.008196,0.392711,0.009032,7765.30,69.30,True
5623,B01245678/S13,False,1.464832,0.005860,0,10,0.864291,0.029161,0.262659,0.007458,0.351471,0.018090,5236.20,60.30,True
5718,B1246/S013,False,1.784234,0.003192,0,10,0.996863,0.006619,0.407461,0.009119,0.409987,0.006957,8149.80,69.80,True
5800,B357/S013,False,1.768100,0.005187,0,10,0.986926,0.010575,0.285857,0.015231,0.293316,0.011687,5598.80,69.00,True
5801,B0357/S013,False,1.837177,0.001265,0,10,1.000000,0.000000,0.448042,0.002713,0.448042,0.002713,8890.40,70.00,True
5874,B14567/S013,False,1.526865,0.002301,0,10,0.964813,0.014084,0.357201,0.010005,0.383609,0.010762,7116.90,67.40,True
5939,B01458/S013,False,1.595178,0.002151,0,10,0.995685,0.006868,0.385377,0.009267,0.388741,0.010046,7715.10,69.60,True
5953,B068/S013,False,1.389539,0.003204,0,10,0.051939,0.016763,0.000593,0.000359,0.155514,0.063753,9.10,3.20,False
6037,B02478/S013,False,1.906689,0.002413,0,10,0.998377,0.005133,0.442821,0.008999,0.444245,0.008123,8851.00,69.90,True
6062,B123578/S013,False,1.385497,0.006390,0,10,0.920420,0.030061,0.285811,0.011685,0.337519,0.018671,5759.80,64.30,True
6076,B234578/S013,False,1.131715,0.005510,0,10,0.793305,0.028438,0.212805,0.011303,0.337539,0.023840,4305.30,55.60,True
6100,B24678/S013,False,1.946835,0.001277,0,10,1.000000,0.000000,0.459217,0.005244,0.459217,0.005244,9179.10,70.00,True
6192,B45/S23,False,1.188438,0.053065,0,10,0.066547,0.039350,0.000306,0.000192,0.072554,0.087426,4.60,4.10,False
6273,B07/S23,False,1.107170,0.024996,0,10,0.221049,0.131631,0.006140,0.004134,0.078163,0.051028,94.00,13.60,True
6337,B067/S23,False,1.097473,0.000428,0,10,0.269632,0.061880,0.007694,0.002902,0.103613,0.039603,118.90,16.60,True
6359,B012467/S23,False,1.277668,0.046385,0,10,0.656080,0.107277,0.025615,0.010840,0.059503,0.019431,450.30,44.30,True
6516,B24568/S23,False,1.479143,0.002305,0,10,0.936890,0.014428,0.338039,0.006311,0.384863,0.009636,6798.20,65.60,True
6691,B015/S023,False,1.397531,0.002170,0,10,0.935548,0.014293,0.297112,0.011301,0.339125,0.010333,5994.50,65.30,True
6712,B345/S023,False,1.103729,0.004504,0,10,0.743495,0.262681,0.206400,0.073484,0.301774,0.107312,4146.20,52.00,True
6868,B2467/S023,False,1.760248,0.002001,0,10,0.998377,0.005133,0.428471,0.005728,0.429852,0.004700,8574.80,69.90,True
6875,B013467/S023,False,1.429932,0.002979,0,10,0.925687,0.023020,0.315051,0.012520,0.367479,0.013862,6287.40,64.60,True
6954,B1358/S023,False,1.742610,0.001533,0,10,0.998377,0.005133,0.430018,0.006498,0.431436,0.007850,8583.40,69.90,True
7038,B1234568/S023,False,0.696283,0.017061,0,10,0.505976,0.179667,0.079606,0.029797,0.249151,0.091851,1603.70,35.00,True
7149,B0235678/S023,False,1.313578,0.003709,0,10,0.879692,0.022699,0.287200,0.015099,0.370209,0.009679,5733.70,61.70,True
7222,B1245/S123,False,1.341986,0.004923,0,10,0.807611,0.284556,0.264900,0.093524,0.328671,0.116336,5330.80,56.70,True
7226,B1345/S123,False,1.225380,0.003561,0,10,0.775810,0.273132,0.232172,0.081809,0.312066,0.110798,4689.60,54.40,True
7288,B3456/S123,False,0.961901,0.003331,0,10,0.602273,0.318279,0.148234,0.078622,0.260451,0.137787,2976.80,42.30,True
7352,B3457/S123,False,1.091928,0.003241,0,10,0.811830,0.028329,0.219385,0.014265,0.332031,0.019815,4415.80,56.70,True
7448,B348/S123,False,1.147678,0.006525,0,10,0.790538,0.279596,0.227459,0.080835,0.294737,0.105214,4574.20,55.30,True
7455,B012348/S123,False,1.121033,0.065892,0,10,0.040577,0.033570,0.000600,0.000683,0.154933,0.141767,9.20,2.50,False
7540,B24568/S123,False,1.445187,0.002424,0,10,0.926034,0.013788,0.322190,0.008557,0.375325,0.007406,6474.20,64.80,True
7577,B03478/S123,False,1.259821,0.001612,0,10,0.916189,0.014210,0.307358,0.006946,0.365896,0.012586,6139.10,64.00,True
7582,B123478/S123,False,0.984659,0.094361,0,10,0.587188,0.210977,0.090794,0.034254,0.211914,0.077901,1759.20,40.90,True
7732,B245/S0123,False,1.512205,0.002148,0,10,0.966211,0.017280,0.353578,0.012642,0.378570,0.010190,7107.10,67.70,True
7830,B1247/S0123,False,1.425345,0.003704,0,10,0.957162,0.024154,0.324805,0.013591,0.354765,0.020589,6535.00,66.80,True
7899,B013467/S0123,False,1.299594,0.005972,0,10,0.813009,0.041176,0.172736,0.017084,0.261050,0.025702,3454.30,56.50,True
7911,B012567/S0123,False,0.967882,0.027285,0,10,0.507515,0.066980,0.019712,0.007070,0.076947,0.026198,311.50,33.20,True
8044,B23568/S0123,False,1.296067,0.002676,0,10,0.916277,0.021816,0.308115,0.007137,0.367031,0.018745,6160.30,64.20,True
8060,B234568/S0123,False,0.773382,0.005555,0,10,0.658636,0.029016,0.141156,0.006064,0.323742,0.020007,2879.10,46.20,True
8166,B125678/S0123,False,1.211417,0.003388,0,10,0.869687,0.022622,0.268156,0.009470,0.353925,0.010243,5377.70,60.70,True
8276,B246/S4,False,1.850424,0.001000,0,10,1.000000,0.000000,0.442522,0.003609,0.442522,0.003609,8851.20,70.00,True
8289,B056/S4,False,1.053137,0.011189,0,10,0.725509,0.257412,0.149923,0.053430,0.230288,0.081796,2994.20,51.10,True
8376,B3457/S4,False,1.438137,0.003974,0,10,0.957340,0.022228,0.348504,0.010798,0.380126,0.009131,7010.00,67.00,True
8686,B1235678/S4,False,1.661216,0.002862,0,10,0.972215,0.015818,0.373593,0.013633,0.395146,0.012914,7475.70,68.00,True
8788,B246/S04,False,1.871572,0.001359,0,10,1.000000,0.000000,0.450885,0.003847,0.450885,0.003847,9003.70,70.00,True
8945,B04567/S04,False,1.092331,0.005523,0,10,0.894603,0.033587,0.222570,0.008328,0.278217,0.016151,4461.70,62.80,True
9010,B1458/S04,False,1.481557,0.001578,0,10,0.991192,0.008344,0.360125,0.007764,0.366511,0.006815,7222.10,69.30,True
9016,B3458/S04,False,1.371854,0.003310,0,10,0.942242,0.017138,0.326749,0.007553,0.367982,0.014218,6557.10,66.00,True
9091,B0178/S04,False,1.262733,0.065716,0,10,0.232221,0.116301,0.003534,0.003488,0.045527,0.030050,58.80,12.80,True
9228,B23/S14,False,1.538736,0.001809,0,10,0.983315,0.010462,0.363231,0.007465,0.375633,0.008949,7275.80,68.80,True
9243,B0134/S14,False,1.500232,0.006491,0,10,0.909053,0.029700,0.153856,0.029197,0.185016,0.029175,2778.30,62.90,True
9281,B06/S14,False,1.337821,0.097637,0,10,0.299371,0.118787,0.009642,0.004899,0.083895,0.039085,148.10,18.50,True
9359,B01237/S14,False,0.898039,0.191872,0,10,0.055506,0.117318,0.001335,0.003321,0.015575,0.037022,21.20,3.40,False
9393,B0457/S14,False,1.360743,0.006294,0,10,0.948688,0.021979,0.276672,0.008115,0.307346,0.010593,5557.30,66.50,True
9435,B013467/S14,False,1.689219,0.002346,0,10,1.000000,0.000000,0.440399,0.007074,0.440399,0.007074,8778.10,70.00,True
9633,B0578/S14,False,1.244268,0.002190,0,10,0.862974,0.024251,0.180742,0.007136,0.242481,0.013776,3604.10,60.30,True
9853,B023456/S014,False,1.298294,0.003078,0,10,0.886899,0.017060,0.276139,0.012361,0.350772,0.021171,5571.60,62.20,True
9892,B257/S014,False,1.766414,0.000778,0,10,1.000000,0.000000,0.405855,0.005408,0.405855,0.005408,8098.90,70.00,True
10020,B258/S014,False,1.758285,0.001538,0,10,1.000000,0.000000,0.403475,0.006174,0.403475,0.006174,8048.90,70.00,True
10090,B13568/S014,False,1.912031,0.001454,0,10,1.000000,0.000000,0.467796,0.003315,0.467796,0.003315,9302.40,70.00,True
10200,B34678/S014,False,1.630923,0.001293,0,10,0.996754,0.006844,0.420553,0.008702,0.423309,0.009697,8407.70,69.80,True
10353,B0456/S24,False,1.528078,0.001655,0,10,0.971829,0.008706,0.351482,0.005367,0.372081,0.008692,7023.20,68.10,True
10398,B12347/S24,False,1.297091,0.008044,0,10,0.924418,0.022166,0.308318,0.007236,0.360807,0.016430,6218.20,64.70,True
10480,B4567/S24,False,1.468726,0.067498,0,10,0.111993,0.077066,0.000443,0.000343,0.034113,0.025649,6.80,6.90,True
10506,B138/S24,False,1.922955,0.001225,0,10,1.000000,0.000000,0.452249,0.004242,0.452249,0.004242,9037.20,70.00,True
10543,B012358/S24,False,1.489204,0.122475,0,10,0.654860,0.157038,0.011782,0.004796,0.028281,0.009560,215.80,44.50,True
10573,B02368/S24,False,1.752267,0.000993,0,10,1.000000,0.000000,0.440674,0.002459,0.440674,0.002459,8807.10,70.00,True
10720,B5678/S24,False,1.493093,0.080648,0,10,0.016231,0.030605,0.000072,0.000121,0.041986,0.104301,1.10,1.00,False
10730,B135678/S24,False,1.947880,0.001203,0,10,1.000000,0.000000,0.466593,0.004089,0.466593,0.004089,9283.40,70.00,True
10820,B26/S024,False,1.720314,0.001460,0,10,1.000000,0.000000,0.411028,0.001601,0.411028,0.001601,8203.30,70.00,True
10881,B07/S024,False,1.527188,0.004873,0,10,0.106934,0.024151,0.001584,0.000566,0.122182,0.034941,24.40,6.70,True
10957,B02367/S024,False,1.725149,0.002479,0,10,1.000000,0.000000,0.430786,0.006516,0.430786,0.006516,8644.50,70.00,True
11003,B0134567/S024,False,1.430735,0.001761,0,10,0.922639,0.023147,0.310691,0.010880,0.364831,0.015175,6224.30,64.40,True
11005,B0234567/S024,False,1.258613,0.002876,0,10,0.859213,0.015460,0.257995,0.005437,0.348839,0.009939,5185.40,60.00,True
11205,B02678/S024,False,1.733234,0.001254,0,10,1.000000,0.000000,0.421973,0.005412,0.421973,0.005412,8426.20,70.00,True
11417,B0347/S124,False,1.633905,0.001697,0,10,0.996754,0.006844,0.417304,0.005561,0.420020,0.005453,8337.00,69.80,True
11432,B357/S124,False,1.978033,0.003878,0,10,1.000000,0.000000,0.454543,0.005303,0.454543,0.005303,9095.40,70.00,True
11465,B0367/S124,False,1.851681,0.001243,0,10,1.000000,0.000000,0.448871,0.004917,0.448871,0.004917,8955.10,70.00,True
11508,B24567/S124,False,1.596007,0.002086,0,10,0.984576,0.012340,0.392857,0.005606,0.405274,0.008457,7857.30,68.90,True
11511,B0124567/S124,False,1.478572,0.006402,0,10,0.899073,0.021517,0.230751,0.021894,0.284995,0.025403,4416.20,62.50,True
11638,B124568/S124,False,1.581026,0.001551,0,10,0.980095,0.009541,0.387938,0.007001,0.403840,0.010653,7759.80,68.50,True
11669,B02478/S124,False,1.861194,0.001538,0,10,1.000000,0.000000,0.474622,0.002045,0.474622,0.002045,9440.90,70.00,True
11674,B13478/S124,False,1.679953,0.001116,0,10,1.000000,0.000000,0.430046,0.005633,0.430046,0.005633,8626.10,70.00,True
11699,B014578/S124,False,1.657503,0.001460,0,10,0.995131,0.010955,0.425010,0.009591,0.429127,0.005849,8512.00,69.70,True
11729,B04678/S124,False,1.659250,0.006173,0,10,0.981539,0.014123,0.342726,0.008061,0.355776,0.011354,6877.50,68.70,True
11810,B15/S0124,False,1.425134,0.019624,0,10,0.525583,0.193455,0.041307,0.018061,0.119282,0.047378,687.00,34.00,True
11919,B01237/S0124,False,1.476459,0.153165,0,10,0.127461,0.091290,0.001846,0.002605,0.056377,0.049857,28.20,7.90,True
11998,B123467/S0124,False,1.333410,0.012943,0,10,0.912419,0.019858,0.287991,0.005231,0.345798,0.014702,5813.80,64.20,True
12125,B023468/S0124,False,1.588703,0.003929,0,10,0.886338,0.311510,0.348527,0.122930,0.359290,0.126732,6998.70,62.10,True
12307,B014/S34,False,1.525696,0.001457,0,10,0.990985,0.008065,0.392812,0.005869,0.400014,0.009105,7891.30,69.40,True
12344,B345/S34,False,1.100040,0.003023,0,10,0.818518,0.288557,0.264449,0.093256,0.319672,0.113281,5299.90,57.00,True
12381,B02346/S34,False,1.377447,0.004550,0,10,0.950976,0.018851,0.345168,0.008150,0.381613,0.012350,6901.40,66.60,True
12459,B01357/S34,False,1.792854,0.001976,0,10,1.000000,0.000000,0.450089,0.006567,0.450089,0.006567,9032.30,70.00,True
12538,B134567/S34,False,1.165687,0.001570,0,10,0.849218,0.019734,0.255081,0.011682,0.353064,0.019413,5126.90,59.90,True
12567,B01248/S34,False,1.272598,0.062043,0,10,0.620315,0.124799,0.018325,0.004664,0.048333,0.011345,306.50,39.50,True
12595,B01458/S34,False,1.402061,0.001755,0,10,0.972971,0.012647,0.373598,0.010506,0.394502,0.009686,7468.50,68.20,True
12632,B3468/S34,False,1.398759,0.002579,0,10,0.975796,0.010952,0.368047,0.007225,0.386436,0.007746,7368.60,68.30,True
12638,B123468/S34,False,1.150187,0.009737,0,10,0.808410,0.021559,0.201987,0.011947,0.307937,0.012829,4074.70,56.80,True
12710,B12578/S34,False,1.640717,0.001312,0,10,0.993508,0.008382,0.405746,0.008671,0.411049,0.008836,8106.20,69.60,True
12716,B23578/S34,False,1.656941,0.001761,0,10,0.995131,0.007840,0.415280,0.005833,0.419403,0.009527,8343.60,69.70,True
12773,B025678/S34,False,1.607532,0.001857,0,10,0.974896,0.011381,0.389974,0.008475,0.410154,0.005676,7803.40,68.30,True
12781,B0235678/S34,False,1.471637,0.002848,0,10,0.938494,0.012934,0.337117,0.006098,0.382519,0.010166,6743.50,65.60,True
12848,B45/S034,False,1.386294,0.000000,0,10,0.082777,0.049851,0.000300,0.000207,0.042333,0.047444,4.60,5.10,False
12870,B126/S034,False,1.430382,0.000957,0,10,0.953540,0.027268,0.335129,0.009217,0.368891,0.018530,6723.00,66.90,True
13016,B3467/S034,False,1.370825,0.002904,0,10,0.971902,0.015189,0.368470,0.008912,0.389965,0.007387,7374.70,67.90,True
13066,B138/S034,False,1.584824,0.002583,0,10,0.895131,0.314610,0.356951,0.125467,0.360871,0.126975,7176.50,62.70,True
13078,B1248/S034,False,1.593501,0.001711,0,10,0.988875,0.013195,0.402202,0.006587,0.411348,0.009600,8058.90,69.20,True
13132,B2368/S034,False,1.494178,0.001684,0,10,0.984503,0.009720,0.391694,0.007298,0.404087,0.008718,7813.50,69.00,True
13257,B03678/S034,False,1.571795,0.000923,0,10,0.998377,0.005133,0.411031,0.006642,0.412379,0.007360,8214.20,69.90,True
13361,B045/S134,False,1.388372,0.002399,0,10,0.858998,0.302206,0.298939,0.105887,0.327793,0.115363,6012.90,60.10,True
13434,B13456/S134,False,1.230988,0.003143,0,10,0.889035,0.017598,0.281906,0.013931,0.355985,0.013310,5609.60,62.10,True
13515,B01367/S134,False,1.640012,0.002077,0,10,0.998377,0.005133,0.426965,0.006584,0.428375,0.008034,8560.90,69.90,True
13590,B1248/S134,False,1.592785,0.003408,0,10,0.994875,0.007704,0.401253,0.009067,0.405337,0.006212,8055.40,69.60,True
13620,B2458/S134,False,1.590285,0.001732,0,10,0.990261,0.011349,0.398011,0.009129,0.405902,0.011222,7989.30,69.40,True
13842,B14/S0134,False,1.604054,0.002009,0,10,0.993508,0.008382,0.417076,0.009425,0.422453,0.004666,8346.90,69.60,True
14088,B38/S0134,False,1.526971,0.002028,0,10,0.882985,0.310386,0.332505,0.117132,0.345319,0.121464,6635.40,61.80,True
14105,B0348/S0134,False,1.307718,0.001895,0,10,0.970361,0.009820,0.363568,0.005788,0.386050,0.010205,7285.40,68.00,True
14217,B0378/S0134,False,1.562441,0.001973,0,10,0.989458,0.009397,0.394964,0.012909,0.403291,0.009063,7909.90,69.30,True
14267,B0134578/S0134,False,1.322632,0.002583,0,10,0.909643,0.022989,0.297390,0.010154,0.359254,0.016414,5983.20,63.60,True
14308,B25678/S0134,False,1.621707,0.001716,0,10,0.981929,0.008429,0.388552,0.006792,0.402943,0.009289,7767.80,68.80,True
14355,B014/S234,False,1.372664,0.001937,0,10,0.948912,0.019091,0.328747,0.014104,0.364737,0.009983,6594.70,66.50,True
14430,B12346/S234,False,0.991499,0.006911,0,10,0.826552,0.038461,0.230733,0.015296,0.337162,0.018273,4663.20,57.60,True
14462,B123456/S234,False,0.684531,0.017441,0,10,0.633652,0.225211,0.140404,0.050595,0.283222,0.105487,2828.50,44.10,True
14484,B247/S234,False,1.539758,0.001241,0,10,0.993434,0.007634,0.404989,0.007862,0.410351,0.007536,8111.40,69.40,True
14520,B3457/S234,False,1.031182,0.008508,0,10,0.825046,0.022300,0.231072,0.011456,0.338513,0.013858,4614.10,57.70,True
14641,B0458/S234,False,1.224017,0.002316,0,10,0.908336,0.019050,0.297811,0.008352,0.360632,0.011884,5994.10,63.60,True
14684,B23468/S234,False,1.147224,0.005846,0,10,0.813542,0.288355,0.254075,0.089694,0.311577,0.111906,5118.90,56.80,True
14778,B134578/S234,False,1.295919,0.003796,0,10,0.918567,0.025958,0.302021,0.010776,0.357751,0.014159,6049.30,64.50,True
14832,B45678/S234,False,1.114941,0.086679,0,10,0.199640,0.047813,0.002580,0.001174,0.058815,0.021312,39.90,12.30,True
14871,B0124/S0234,False,1.203177,0.045316,0,10,0.233832,0.052782,0.005083,0.003172,0.081429,0.036649,75.30,14.40,True
14877,B0234/S0234,False,0.992421,0.009900,0,10,0.644900,0.239913,0.060423,0.028336,0.114624,0.043985,990.10,43.30,True
14924,B236/S0234,False,1.344870,0.001808,0,10,0.960014,0.013084,0.352348,0.010292,0.382091,0.009580,7060.90,67.40,True
14964,B2456/S0234,False,1.370984,0.001484,0,10,0.928768,0.023711,0.325452,0.010184,0.377122,0.013531,6543.30,65.30,True
14972,B23456/S0234,False,0.758003,0.011792,0,10,0.360018,0.380139,0.085631,0.090696,0.164234,0.173317,1703.90,25.10,True
15010,B157/S0234,False,1.437714,0.002918,0,10,0.822340,0.290076,0.265704,0.094108,0.318059,0.112657,5334.90,57.80,True
15078,B12567/S0234,False,1.342880,0.002327,0,10,0.915138,0.020050,0.303426,0.009674,0.362229,0.017330,6090.70,64.00,True
15194,B13468/S0234,False,1.494601,0.002062,0,10,0.981713,0.014761,0.382925,0.006253,0.397349,0.009987,7657.80,68.80,True
15588,B2567/S1234,False,1.366862,0.001899,0,10,0.909096,0.013731,0.308202,0.007371,0.372459,0.009346,6137.20,63.50,True
15649,B058/S1234,False,1.404042,0.058047,0,10,0.182641,0.070729,0.004037,0.002314,0.090229,0.042507,62.40,11.30,True
15742,B1234568/S1234,False,0.725397,0.011898,0,10,0.468312,0.323483,0.100824,0.069796,0.223628,0.154708,2058.40,33.10,True
15927,B01245/S01234,False,0.962546,0.051292,0,10,0.074137,0.144979,0.001158,0.002788,0.009541,0.021840,18.00,4.70,False
15937,B06/S01234,False,1.113042,0.063137,0,10,0.028238,0.014963,0.000354,0.000200,0.373506,0.258228,5.40,1.80,False
16006,B127/S01234,False,1.135988,0.044202,0,10,0.091668,0.056164,0.001016,0.000578,0.200690,0.285185,15.50,5.60,False
16178,B1458/S01234,False,1.288348,0.003080,0,10,0.921257,0.020042,0.313908,0.015549,0.369395,0.014467,6315.30,64.50,True
16210,B1468/S01234,False,1.537666,0.002073,0,10,0.986641,0.014304,0.394447,0.008076,0.405179,0.007006,7931.60,69.10,True
16214,B12468/S01234,False,1.501211,0.002799,0,10,0.971355,0.017044,0.366732,0.010644,0.388567,0.008754,7310.30,68.00,True
16216,B3468/S01234,False,1.247465,0.003693,0,10,0.918426,0.025970,0.304587,0.012841,0.360829,0.013328,6098.30,64.00,True
16275,B01478/S01234,False,1.318311,0.002078,0,10,0.943047,0.018343,0.327091,0.012446,0.367654,0.015890,6575.90,66.10,True
16316,B234578/S01234,False,0.905322,0.005861,0,10,0.707972,0.249249,0.185083,0.065123,0.298139,0.105196,3715.90,49.60,True
16400,B4/S5,False,-inf,,10,10,0.000000,0.000000,0.000000,0.000000,0.000000,0.000000,0.00,0.00,False
16561,B0457/S5,False,1.071234,0.004038,0,10,0.865916,0.029124,0.203103,0.008231,0.270670,0.012841,4028.20,60.30,True
16598,B12467/S5,False,1.740756,0.000797,0,10,1.000000,0.000000,0.416648,0.007106,0.416648,0.007106,8330.10,70.00,True
16604,B23467/S5,False,1.500409,0.002779,0,10,0.936815,0.012665,0.339244,0.005721,0.386317,0.008068,6775.40,65.30,True
16628,B24567/S5,False,1.462556,0.073135,0,10,0.103878,0.019052,0.001773,0.000869,0.148818,0.069300,27.20,6.40,True
16646,B128/S5,False,1.203886,0.003395,0,10,0.723216,0.381397,0.210333,0.111030,0.257072,0.135838,4179.80,50.60,True
16664,B348/S5,False,0.760543,0.126951,0,10,0.072276,0.099826,0.000130,0.000184,0.005007,0.008571,2.00,4.50,False
16748,B23568/S5,False,1.508616,0.001094,0,10,0.978486,0.012870,0.377123,0.005276,0.393897,0.008791,7502.10,68.40,True
16756,B24568/S5,False,1.302534,0.039247,0,10,0.254130,0.059970,0.006285,0.002173,0.092864,0.027732,100.20,15.90,True
16926,B1234/S05,False,1.255487,0.001248,0,10,0.869030,0.021235,0.260106,0.012174,0.343748,0.014267,5218.60,60.60,True
16977,B046/S05,False,1.215472,0.007356,0,10,0.895680,0.019387,0.223502,0.008268,0.278159,0.006870,4507.70,62.30,True
17020,B23456/S05,False,1.065288,0.038821,0,10,0.254728,0.045629,0.007717,0.002406,0.111216,0.028477,117.80,15.60,True
17079,B012457/S05,False,1.507003,0.002096,0,10,0.967621,0.011751,0.358492,0.007339,0.382821,0.010506,7210.70,67.60,True
17192,B358/S05,False,1.262306,0.237857,0,10,0.129847,0.025377,0.000711,0.000215,0.038309,0.008399,10.90,8.00,True
17198,B12358/S05,False,1.541875,0.001736,0,10,0.971337,0.007694,0.373754,0.008992,0.395963,0.007407,7487.00,67.90,True
17270,B124568/S05,False,1.306207,0.137060,0,10,0.417757,0.046419,0.020840,0.006764,0.114971,0.024941,356.60,28.10,True
17314,B1578/S05,False,1.416258,0.002379,0,10,0.958504,0.018147,0.274148,0.006949,0.298337,0.008238,5474.50,66.90,True
17377,B05678/S05,False,0.931160,0.004950,0,10,0.702833,0.250021,0.139494,0.050884,0.227738,0.080908,2847.80,49.50,True
17451,B0135/S15,False,1.827229,0.000857,0,10,1.000000,0.000000,0.450040,0.004358,0.450040,0.004358,9003.40,70.00,True
17819,B013478/S15,False,1.587955,0.001437,0,10,0.981531,0.014267,0.389248,0.008267,0.404053,0.011456,7792.60,68.80,True
17892,B25678/S15,False,1.617704,0.001243,0,10,0.993508,0.011349,0.361419,0.004400,0.366236,0.009045,7221.40,69.60,True
17939,B014/S015,False,1.465906,0.001637,0,10,0.989553,0.010885,0.361541,0.006593,0.369194,0.006449,7251.10,69.30,True
18069,B0247/S015,False,1.863620,0.001115,0,10,1.000000,0.000000,0.441559,0.004603,0.441559,0.004603,8776.10,70.00,True
18198,B1248/S015,False,1.704243,0.001902,0,10,0.998377,0.005133,0.423378,0.006381,0.424774,0.007711,8440.80,69.90,True
18202,B1348/S015,False,1.580151,0.002114,0,10,0.981364,0.005867,0.385005,0.007104,0.399675,0.007980,7708.50,68.80,True
18206,B12348/S015,False,1.299120,0.001649,0,10,0.807656,0.284324,0.258059,0.090846,0.320316,0.113579,5170.80,56.40,True
18211,B0158/S015,False,1.175090,0.002223,0,10,0.947364,0.023476,0.301373,0.006507,0.335917,0.014728,6008.90,66.40,True
18246,B1268/S015,False,1.379009,0.002104,0,10,0.960819,0.016083,0.336688,0.005831,0.364647,0.010184,6825.20,67.30,True
18308,B278/S015,False,1.542291,0.002077,0,10,0.977759,0.017015,0.306037,0.007591,0.320280,0.013706,6133.60,68.50,True
18369,B0678/S015,False,1.272950,0.089808,0,10,0.071416,0.028093,0.000864,0.000444,0.115804,0.053233,13.20,4.40,False
18518,B1246/S25,False,1.912230,0.001371,0,10,1.000000,0.000000,0.474320,0.003604,0.474320,0.003604,9424.90,70.00,True
18542,B12356/S25,False,1.658972,0.002255,0,10,1.000000,0.000000,0.430257,0.004459,0.430257,0.004459,8589.60,70.00,True
18616,B3457/S25,False,1.574536,0.002317,0,10,0.991947,0.008453,0.395696,0.006141,0.402162,0.007613,7899.30,69.30,True
18636,B2367/S25,False,1.605783,0.001038,0,10,1.000000,0.000000,0.422231,0.002774,0.422231,0.002774,8398.20,70.00,True
18805,B024568/S25,False,1.608933,0.002541,0,10,0.993129,0.007843,0.400366,0.008439,0.405912,0.008246,8005.90,69.40,True
18836,B2478/S25,False,1.895575,0.001156,0,10,1.000000,0.000000,0.462898,0.004022,0.462898,0.004022,9242.50,70.00,True
18866,B14578/S25,False,1.653829,0.001226,0,10,1.000000,0.000000,0.418105,0.008105,0.418105,0.008105,8374.70,70.00,True
18900,B24678/S25,False,1.946634,0.001084,0,10,1.000000,0.000000,0.473706,0.001987,0.473706,0.001987,9411.50,70.00,True
18963,B014/S025,False,1.741084,0.001429,0,10,0.998377,0.005133,0.414540,0.005319,0.415868,0.003242,8251.40,69.90,True
19259,B013458/S025,False,1.586291,0.001695,0,10,0.989180,0.010273,0.399447,0.007439,0.408187,0.004663,8002.60,69.20,True
19330,B178/S025,False,1.531240,0.001314,0,10,0.979116,0.010725,0.305333,0.007880,0.318517,0.011444,6108.70,68.70,True
19345,B0478/S025,False,1.471152,0.008019,0,10,0.958537,0.017697,0.252689,0.008221,0.274981,0.008344,5077.20,66.90,True
19382,B124578/S025,False,1.714709,0.001108,0,10,1.000000,0.000000,0.449646,0.004971,0.449646,0.004971,8957.60,70.00,True
19513,B0345/S125,False,1.486574,0.001241,0,10,0.976862,0.013320,0.365851,0.009202,0.383334,0.010285,7319.70,68.30,True
19655,B01267/S125,False,1.252211,0.004988,0,10,0.893320,0.030628,0.162587,0.024294,0.203188,0.026967,3016.50,61.70,True
19670,B12467/S125,False,1.856124,0.001354,0,10,1.000000,0.000000,0.467096,0.004914,0.467096,0.004914,9316.90,70.00,True
19708,B234567/S125,False,1.362977,0.003202,0,10,0.824969,0.290133,0.263402,0.092910,0.313186,0.110648,5257.60,57.70,True
19772,B23458/S125,False,1.376800,0.001862,0,10,0.939559,0.017896,0.336277,0.009081,0.380676,0.009142,6743.90,65.50,True
19826,B14568/S125,False,1.494189,0.002638,0,10,0.979588,0.012694,0.381473,0.005842,0.397490,0.006402,7667.40,68.50,True
19940,B25678/S125,False,1.538925,0.001875,0,10,0.997762,0.005283,0.405429,0.006761,0.407249,0.006363,8089.20,69.80,True
20123,B01347/S0125,False,1.692827,0.001557,0,10,1.000000,0.000000,0.424505,0.006745,0.424505,0.006745,8497.50,70.00,True
20276,B2458/S0125,False,1.679447,0.001341,0,10,1.000000,0.000000,0.440601,0.005913,0.440601,0.005913,8785.20,70.00,True
20358,B1278/S0125,False,1.260714,0.002780,0,10,0.948321,0.015815,0.309687,0.008641,0.344194,0.010758,6259.60,66.20,True
20434,B14678/S0125,False,1.745914,0.001312,0,10,1.000000,0.000000,0.428340,0.005028,0.428340,0.005028,8580.60,70.00,True
20442,B134678/S0125,False,1.786973,0.001279,0,10,1.000000,0.000000,0.443247,0.007278,0.443247,0.007278,8854.70,70.00,True
20450,B15678/S0125,False,1.189006,0.016545,0,10,0.596123,0.216751,0.058533,0.024995,0.132189,0.054323,1005.20,39.90,True
20516,B25/S35,False,1.806726,0.001805,0,10,1.000000,0.000000,0.413401,0.004478,0.413401,0.004478,8272.00,70.00,True
20517,B025/S35,False,1.857008,0.000880,0,10,1.000000,0.000000,0.441187,0.004146,0.441187,0.004146,8788.60,70.00,True
20810,B1368/S35,False,1.896963,0.001376,0,10,1.000000,0.000000,0.467797,0.001767,0.467797,0.001767,9333.70,70.00,True
20818,B1468/S35,False,1.917059,0.003525,0,10,1.000000,0.000000,0.436194,0.003846,0.436194,0.003846,8698.20,70.00,True
20826,B13468/S35,False,1.954717,0.001295,0,10,1.000000,0.000000,0.481958,0.002978,0.481958,0.002978,9591.70,70.00,True
20925,B0234578/S35,False,1.645297,0.001713,0,10,0.991885,0.008554,0.401331,0.007178,0.407868,0.005221,8021.40,69.50,True
20928,B678/S35,False,1.491678,0.117282,0,10,0.003246,0.010265,0.000026,0.000082,0.016000,0.050596,0.40,0.20,False
20961,B05678/S35,False,1.289394,0.006778,0,10,0.882977,0.023565,0.227677,0.007974,0.291894,0.016320,4573.30,61.70,True
21028,B25/S035,False,1.838282,0.001255,0,10,1.000000,0.000000,0.429402,0.004484,0.429402,0.004484,8592.60,70.00,True
21034,B135/S035,False,1.992825,0.001303,0,10,1.000000,0.000000,0.493267,0.001661,0.493267,0.001661,9796.40,70.00,True
21293,B02358/S035,False,1.886586,0.001810,0,10,1.000000,0.000000,0.482523,0.001576,0.482523,0.001576,9592.50,70.00,True
21318,B1268/S035,False,1.662735,0.001534,0,10,0.996970,0.006409,0.400981,0.006257,0.403413,0.005569,8000.90,69.80,True
21345,B0568/S035,False,1.257715,0.014507,0,10,0.828803,0.028639,0.168427,0.005747,0.245192,0.018046,3398.70,58.10,True
21349,B02568/S035,False,1.832365,0.001179,0,10,1.000000,0.000000,0.455986,0.004173,0.455986,0.004173,9097.10,70.00,True
21393,B0478/S035,False,1.544351,0.017300,0,10,0.970950,0.017807,0.292053,0.010751,0.309777,0.012285,5824.40,67.80,True
21466,B134678/S035,False,1.924388,0.001242,0,10,1.000000,0.000000,0.471663,0.003055,0.471663,0.003055,9427.40,70.00,True
21484,B235678/S035,False,1.788443,0.001355,0,10,1.000000,0.000000,0.452399,0.004960,0.452399,0.004960,9038.00,70.00,True
21671,B01257/S135,False,1.841744,0.002009,0,10,1.000000,0.000000,0.458946,0.004310,0.458946,0.004310,9136.80,70.00,True
21774,B1238/S135,False,1.519645,0.002413,0,10,0.979643,0.011670,0.382036,0.009279,0.397959,0.006629,7645.70,68.60,True
21829,B0268/S135,False,1.863620,0.001567,0,10,1.000000,0.000000,0.430472,0.005523,0.430472,0.005523,8588.30,70.00,True
21851,B013468/S135,False,1.963969,0.001158,0,10,1.000000,0.000000,0.481421,0.002176,0.481421,0.002176,9571.50,70.00,True
21898,B1378/S135,False,1.881308,0.001362,0,10,1.000000,0.000000,0.468822,0.001866,0.468822,0.001866,9354.50,70.00,True
22101,B0246/S0135,False,2.147185,0.000969,0,10,1.000000,0.000000,0.497893,0.001572,0.497893,0.001572,9889.70,70.00,True
22149,B027/S0135,False,1.777744,0.001467,0,10,1.000000,0.000000,0.406234,0.004320,0.406234,0.004320,8128.30,70.00,True
22563,B015/S235,False,1.541285,0.003933,0,10,0.971213,0.020011,0.356359,0.013626,0.377611,0.008064,7129.60,67.90,True
22589,B02345/S235,False,1.468180,0.003259,0,10,0.983206,0.011384,0.372512,0.008154,0.385367,0.010848,7447.80,68.80,True
22626,B156/S235,False,1.533803,0.003040,0,10,0.961399,0.011813,0.342752,0.012834,0.370524,0.008804,6851.50,67.30,True
22635,B01356/S235,False,1.847506,0.000889,0,10,1.000000,0.000000,0.472123,0.003988,0.472123,0.003988,9430.50,70.00,True
22644,B2456/S235,False,1.746655,0.001151,0,10,1.000000,0.000000,0.436331,0.006384,0.436331,0.006384,8706.10,70.00,True
22651,B013456/S235,False,1.597876,0.001966,0,10,0.984178,0.010409,0.384038,0.008404,0.396536,0.012413,7694.10,68.90,True
22707,B01457/S235,False,1.772741,0.001469,0,10,1.000000,0.000000,0.447109,0.004110,0.447109,0.004110,8908.70,70.00,True
22768,B4567/S235,False,1.327363,0.068966,0,10,0.308387,0.081335,0.003658,0.001896,0.035773,0.011069,56.20,19.00,True
22824,B358/S235,False,1.864729,0.002105,0,10,1.000000,0.000000,0.473918,0.003569,0.473918,0.003569,9466.10,70.00,True
22988,B23678/S235,False,1.664495,0.001591,0,10,1.000000,0.000000,0.439509,0.004890,0.439509,0.004890,8763.80,70.00,True
23017,B035678/S235,False,1.783881,0.001678,0,10,1.000000,0.000000,0.452363,0.005633,0.452363,0.005633,9020.90,70.00,True
23086,B1235/S0235,False,1.670950,0.004215,0,10,1.000000,0.000000,0.424582,0.004602,0.424582,0.004602,8480.50,70.00,True
23141,B0256/S0235,False,1.719963,0.001490,0,10,1.000000,0.000000,0.451454,0.005691,0.451454,0.005691,9049.60,70.00,True
23142,B1256/S0235,False,1.688012,0.001288,0,10,1.000000,0.000000,0.442535,0.007764,0.442535,0.007764,8862.50,70.00,True
23148,B2356/S0235,False,1.738684,0.001778,0,10,1.000000,0.000000,0.453442,0.004562,0.453442,0.004562,9043.70,70.00,True
23250,B1467/S0235,False,1.955694,0.001820,0,10,1.000000,0.000000,0.475818,0.002505,0.475818,0.002505,9485.20,70.00,True
23367,B01268/S0235,False,1.516042,0.002815,0,10,0.967607,0.018157,0.355639,0.017844,0.379496,0.011945,7153.50,67.80,True
23441,B0478/S0235,False,1.727714,0.006707,0,10,0.991361,0.009239,0.360083,0.008963,0.366391,0.010015,7201.30,69.40,True
23510,B124678/S0235,False,1.989429,0.000821,0,10,1.000000,0.000000,0.476730,0.004849,0.476730,0.004849,9536.20,70.00,True
23546,B1345678/S0235,False,1.569094,0.002123,0,10,0.973014,0.013477,0.363386,0.007189,0.383714,0.006796,7273.60,68.20,True
23761,B0467/S1235,False,1.871022,0.003827,0,10,0.999385,0.001945,0.427625,0.007881,0.428136,0.006548,8564.90,69.90,True
23774,B123467/S1235,False,1.596408,0.008408,0,10,0.966295,0.018269,0.347005,0.007851,0.371738,0.015283,6993.30,67.80,True
23784,B3567/S1235,False,1.768585,0.001742,0,10,1.000000,0.000000,0.451425,0.004810,0.451425,0.004810,8984.60,70.00,True
23789,B023567/S1235,False,1.700059,0.001585,0,10,1.000000,0.000000,0.426721,0.006269,0.426721,0.006269,8512.10,70.00,True
23810,B18/S1235,False,1.265441,0.167415,0,10,0.047070,0.017862,0.000704,0.000461,0.212225,0.087118,10.80,2.90,False
23821,B0238/S1235,False,1.445363,0.004803,0,10,0.941015,0.012285,0.261899,0.023608,0.295336,0.024378,5107.60,65.70,True
23875,B0168/S1235,False,1.347333,0.077213,0,10,0.117717,0.065062,0.002247,0.001839,0.145422,0.059246,34.70,7.30,True
23930,B134568/S1235,False,1.613074,0.002071,0,10,0.990569,0.011846,0.396407,0.009069,0.403989,0.008854,7961.20,69.20,True
23979,B013578/S1235,False,1.919300,0.001325,0,10,1.000000,0.000000,0.485067,0.002302,0.485067,0.002302,9637.10,70.00,True
24048,B45678/S1235,False,1.557251,0.004429,0,10,0.925247,0.030798,0.238156,0.019103,0.277736,0.017095,4349.30,64.50,True
24093,B0234/S01235,False,1.488317,0.002827,0,10,0.977240,0.013028,0.341424,0.007541,0.357461,0.007469,6880.30,68.20,True
24110,B1235/S01235,False,1.578242,0.004697,0,10,0.990413,0.008201,0.397837,0.007826,0.405525,0.005322,7914.00,69.20,True
24187,B013456/S01235,False,1.570523,0.003284,0,10,0.967884,0.010177,0.360462,0.008350,0.384548,0.004609,7263.10,67.90,True
24197,B027/S01235,False,1.461361,0.106747,0,10,0.116862,0.041061,0.002068,0.000932,0.150777,0.075294,31.80,7.20,True
24212,B247/S01235,False,1.903966,0.001461,0,10,1.000000,0.000000,0.468085,0.005741,0.468085,0.005741,9337.50,70.00,True
24276,B2467/S01235,False,1.994161,0.000573,0,10,1.000000,0.000000,0.481502,0.002300,0.481502,0.002300,9619.40,70.00,True
24338,B148/S01235,False,1.763280,0.001350,0,10,1.000000,0.000000,0.436072,0.004664,0.436072,0.004664,8733.80,70.00,True
24355,B0158/S01235,False,1.364628,0.024166,0,10,0.515563,0.084030,0.031890,0.011045,0.118398,0.034566,513.50,33.30,True
24400,B468/S01235,False,1.852320,0.013115,0,10,0.960265,0.020380,0.243225,0.023386,0.263333,0.021634,4546.40,66.60,True
24480,B578/S01235,False,1.290111,0.138600,0,10,0.096622,0.024014,0.001591,0.000589,0.151889,0.048868,24.30,6.00,False
24566,B1245678/S01235,False,1.648127,0.001344,0,10,0.986128,0.009443,0.388248,0.006235,0.399208,0.007119,7796.00,69.00,True
24573,B02345678/S01235,False,1.430099,0.001974,0,10,0.837473,0.294835,0.285727,0.101154,0.329630,0.116352,5742.90,58.70,True
24656,B46/S45,False,0.693147,,9,10,0.000000,0.000000,0.000000,0.000000,0.000000,0.000000,0.00,0.00,False
24678,B1256/S45,False,1.430431,0.001012,0,10,0.985399,0.012391,0.380272,0.004998,0.391688,0.009535,7614.60,68.90,True
24701,B023456/S45,False,1.154923,0.008509,0,10,0.784113,0.277027,0.204980,0.073274,0.269615,0.095634,4127.00,54.40,True
24721,B047/S45,False,1.200717,0.005408,0,10,0.919364,0.027870,0.246903,0.009617,0.292002,0.011480,4959.50,64.60,True
24862,B12348/S45,False,1.235558,0.004388,0,10,0.892951,0.024648,0.284750,0.009045,0.356839,0.013367,5707.00,62.30,True
24868,B258/S45,False,1.573820,0.001196,0,10,0.993380,0.007901,0.340784,0.005546,0.345375,0.007960,6801.90,69.50,True
24894,B123458/S45,False,1.092293,0.008349,0,10,0.838640,0.021993,0.231063,0.007428,0.328021,0.017215,4626.60,58.90,True
25049,B034678/S45,False,1.556916,0.001528,0,10,0.989748,0.006920,0.393425,0.007148,0.401568,0.005442,7880.00,69.20,True
25052,B234678/S45,False,1.501550,0.002887,0,10,0.960126,0.012655,0.349297,0.010456,0.378673,0.008828,7018.30,67.30,True
25138,B145/S045,False,1.357628,0.002361,0,10,0.981768,0.011051,0.383878,0.005640,0.398246,0.008177,7677.90,68.70,True
25157,B026/S045,False,1.568437,0.000789,0,10,0.885123,0.311275,0.322462,0.113570,0.333360,0.117321,6434.30,61.90,True
25172,B246/S045,False,1.813444,0.001366,0,10,1.000000,0.000000,0.466468,0.004288,0.466468,0.004288,9280.20,70.00,True
25254,B1257/S045,False,1.551317,0.001186,0,10,0.993338,0.008252,0.406311,0.006404,0.411752,0.005592,8077.00,69.50,True
25280,B67/S045,False,0.000000,0.000000,0,10,0.025969,0.020531,0.000078,0.000060,0.043356,0.037927,1.20,1.60,False
25415,B01268/S045,False,1.289470,0.003111,0,10,0.905248,0.021496,0.294265,0.005679,0.358832,0.011493,5908.20,63.30,True
25481,B0378/S045,False,1.545867,0.001772,0,10,0.986862,0.012419,0.336784,0.008510,0.345772,0.007443,6719.90,69.00,True
25492,B2478/S045,False,1.747445,0.001645,0,10,1.000000,0.000000,0.442848,0.003594,0.442848,0.003594,8836.50,70.00,True
25613,B023/S145,False,1.483374,0.001462,0,10,0.960425,0.015477,0.353329,0.009801,0.382863,0.008963,7080.70,67.20,True
25734,B127/S145,False,1.326415,0.000830,0,10,0.950284,0.017020,0.319866,0.010273,0.354055,0.012290,6435.30,66.60,True
25774,B12357/S145,False,1.706930,0.001596,0,10,1.000000,0.000000,0.431080,0.006748,0.431080,0.006748,8572.90,70.00,True
25883,B01348/S145,False,1.462643,0.001232,0,10,0.983771,0.012762,0.385984,0.007125,0.398776,0.006521,7711.20,68.90,True
25949,B023468/S145,False,1.627685,0.001593,0,10,0.995047,0.007787,0.402207,0.007663,0.406223,0.008289,8015.20,69.60,True
26045,B0234578/S145,False,1.335209,0.003135,0,10,0.942462,0.017505,0.318391,0.013807,0.358201,0.015380,6394.00,66.30,True
26104,B345678/S145,False,1.136547,0.001877,0,10,0.800139,0.281843,0.251059,0.088655,0.317152,0.111798,5013.70,55.80,True
26156,B235/S0145,False,1.691976,0.001449,0,10,1.000000,0.000000,0.436403,0.007559,0.436403,0.007559,8715.20,70.00,True
26211,B0156/S0145,False,1.236951,0.002961,0,10,0.945512,0.022713,0.320430,0.009797,0.358310,0.010048,6440.70,65.80,True
26292,B2457/S0145,False,1.568391,0.001909,0,10,0.998698,0.004118,0.425731,0.006648,0.426865,0.008004,8471.90,69.90,True
26348,B23567/S0145,False,1.513459,0.002467,0,10,0.979464,0.013538,0.364978,0.008230,0.380488,0.012624,7336.70,68.60,True
26561,B0678/S0145,False,1.124014,0.024096,0,10,0.087069,0.030327,0.000989,0.000441,0.115295,0.042149,15.00,5.40,False
26573,B023678/S0145,False,1.586946,0.001193,0,10,0.983976,0.015836,0.391757,0.008536,0.404607,0.007939,7834.70,68.90,True
26603,B0135678/S0145,False,1.619383,0.005162,0,10,0.993485,0.008411,0.394752,0.006094,0.399971,0.007928,7890.00,69.50,True
26608,B45678/S0145,False,0.594959,0.220724,0,10,0.194771,0.031547,0.001591,0.000432,0.040384,0.013506,24.40,12.00,True
26668,B235/S245,False,1.736847,0.002017,0,10,1.000000,0.000000,0.447745,0.005007,0.447745,0.005007,8889.50,70.00,True
26713,B0346/S245,False,1.726525,0.001425,0,10,1.000000,0.000000,0.433110,0.006068,0.433110,0.006068,8628.30,70.00,True
26865,B04567/S245,False,1.332751,0.002011,0,10,0.859953,0.302641,0.312594,0.109942,0.342386,0.120836,6274.50,60.20,True
26876,B234567/S245,False,1.101434,0.003573,0,10,0.753298,0.266580,0.212827,0.076546,0.303124,0.108171,4289.50,52.90,True
26901,B0248/S245,False,1.777127,0.002272,0,10,1.000000,0.000000,0.455156,0.008168,0.455156,0.008168,9053.30,70.00,True
27100,B234678/S245,False,1.548798,0.001974,0,10,0.971122,0.018043,0.358793,0.009405,0.380392,0.008701,7203.30,67.90,True
27117,B0235678/S245,False,1.530080,0.002333,0,10,0.974163,0.015516,0.361144,0.009367,0.380469,0.008358,7215.50,68.10,True
27122,B145678/S245,False,1.361866,0.002369,0,10,0.955266,0.016835,0.350056,0.009377,0.383563,0.014183,7020.50,66.90,True
27611,B0134678/S0245,False,1.662651,0.002150,0,10,0.991176,0.008088,0.395574,0.004579,0.402632,0.005392,7924.00,69.40,True
27716,B26/S1245,False,1.560454,0.001998,0,10,0.980974,0.011588,0.382114,0.008984,0.397002,0.007833,7642.60,68.70,True
27897,B034567/S1245,False,1.247612,0.002775,0,10,0.906947,0.023282,0.293881,0.012069,0.356771,0.008732,5849.90,63.50,True
27953,B0458/S1245,False,1.416078,0.002040,0,10,0.982780,0.008409,0.389611,0.006206,0.403396,0.010830,7804.80,68.70,True
28022,B124568/S1245,False,1.434049,0.001567,0,10,0.980762,0.015230,0.373956,0.008007,0.388787,0.010303,7505.50,68.60,True
28044,B2378/S1245,False,1.529694,0.001478,0,10,0.978444,0.010362,0.380410,0.007162,0.397269,0.007617,7629.60,68.60,True
28318,B12347/S01245,False,1.364606,0.005463,0,10,0.947970,0.012773,0.322351,0.008769,0.358679,0.015688,6450.40,66.30,True
28325,B0257/S01245,False,1.711907,0.001533,0,10,1.000000,0.000000,0.448644,0.003905,0.448644,0.003905,8911.90,70.00,True
28364,B2367/S01245,False,1.634591,0.001542,0,10,0.994033,0.010061,0.409185,0.006877,0.414099,0.005733,8180.80,69.60,True
28433,B048/S01245,False,1.554984,0.003936,0,10,0.966513,0.016411,0.330242,0.010588,0.353415,0.010729,6606.70,67.70,True
28441,B0348/S01245,False,1.511176,0.002105,0,10,0.990912,0.009542,0.391730,0.006429,0.398965,0.008507,7840.10,69.30,True
28468,B2458/S01245,False,1.524395,0.001702,0,10,0.996754,0.006844,0.417243,0.004548,0.419970,0.005543,8328.00,69.80,True
28523,B013568/S01245,False,1.713354,0.004006,0,10,0.998377,0.005133,0.426449,0.006408,0.427815,0.004828,8512.80,69.90,True
28662,B1245678/S01245,False,1.330205,0.001708,0,10,0.943070,0.016743,0.324610,0.010754,0.364788,0.012554,6459.80,66.00,True
28814,B1237/S345,False,1.188950,0.002849,0,10,0.746595,0.263056,0.213094,0.075819,0.308703,0.109325,4301.60,52.50,True
28830,B12347/S345,False,1.191123,0.001414,0,10,0.807421,0.284437,0.253503,0.089445,0.314713,0.111498,5093.40,56.40,True
28883,B01467/S345,False,1.547205,0.001945,0,10,0.987507,0.009817,0.385448,0.005374,0.395227,0.005311,7745.60,69.00,True
28928,B8/S345,False,1.386243,0.000048,0,10,0.025969,0.056847,0.000222,0.000502,0.011724,0.024904,3.40,1.60,False
28968,B358/S345,False,1.520489,0.002130,0,10,0.992984,0.008089,0.396573,0.005367,0.402173,0.004977,7967.70,69.50,True
29115,B0134578/S345,False,1.244266,0.001014,0,10,0.926655,0.012374,0.310649,0.010893,0.361445,0.012924,6204.30,64.70,True
29276,B2346/S0345,False,1.379126,0.003877,0,10,0.951811,0.014711,0.333540,0.007258,0.368060,0.011692,6708.60,66.60,True
29383,B01267/S0345,False,1.303676,0.001831,0,10,0.902444,0.017610,0.287680,0.013036,0.352695,0.012353,5757.50,62.80,True
29425,B04567/S0345,False,1.077770,0.004255,0,10,0.801225,0.282506,0.250082,0.088659,0.315175,0.111674,5059.70,56.10,True
29621,B024578/S0345,False,1.448766,0.001101,0,10,0.976220,0.011436,0.371005,0.008516,0.389277,0.011484,7391.20,68.30,True
29705,B03/S1345,False,1.231562,0.041725,0,10,0.222363,0.091192,0.006621,0.005207,0.114348,0.055768,102.10,13.70,True
29798,B1256/S1345,False,1.371202,0.001687,0,10,0.957407,0.012487,0.346297,0.009020,0.377524,0.005648,6976.10,67.10,True
29921,B0567/S1345,False,1.346985,0.027747,0,10,0.616661,0.220096,0.082831,0.032272,0.174326,0.062833,1520.50,42.50,True
29959,B0128/S1345,False,1.213384,0.045969,0,10,0.474976,0.128270,0.026298,0.014697,0.106383,0.015139,441.70,30.90,True
30012,B23458/S1345,False,1.007746,0.006118,0,10,0.865999,0.029343,0.257550,0.014266,0.342712,0.012712,5191.50,61.20,True
30048,B568/S1345,False,1.385781,0.000504,0,10,0.090033,0.037158,0.000844,0.000465,0.079045,0.053600,12.90,5.50,False
30065,B04568/S1345,False,1.171448,0.005771,0,10,0.826519,0.290693,0.276795,0.097455,0.327868,0.115575,5511.70,58.00,True
30081,B078/S1345,False,1.385886,0.000333,0,10,0.117933,0.020201,0.002043,0.000830,0.128668,0.027027,31.30,7.40,True
30113,B0578/S1345,False,1.340222,0.015192,0,10,0.698871,0.040037,0.084553,0.011427,0.171977,0.016344,1528.30,46.80,True
30219,B013/S01345,False,1.175121,0.055295,0,10,0.236201,0.060962,0.007708,0.004090,0.122994,0.040842,118.30,14.60,True
30256,B45/S01345,False,1.355444,0.025563,0,10,0.420275,0.100457,0.007127,0.003007,0.039364,0.011550,102.50,25.90,True
30270,B12345/S01345,False,0.866409,0.009108,0,10,0.744129,0.262944,0.192023,0.068631,0.280259,0.099904,3865.20,52.10,True
30312,B356/S01345,False,1.464771,0.001640,0,10,0.971035,0.015938,0.366088,0.010380,0.388235,0.013231,7385.80,68.10,True
30454,B124567/S01345,False,1.237021,0.002187,0,10,0.897687,0.019324,0.283917,0.010718,0.351827,0.012023,5688.50,62.90,True
30472,B38/S01345,False,1.175322,0.050445,0,10,0.337349,0.111614,0.015802,0.007284,0.132736,0.025570,249.90,21.30,True
30496,B58/S01345,False,1.386031,0.000301,0,10,0.105501,0.042772,0.001304,0.000358,0.129735,0.070866,20.00,6.50,True
30585,B034568/S01345,False,1.045802,0.008205,0,10,0.679601,0.358764,0.200548,0.106198,0.277347,0.146872,4050.70,47.40,True
30606,B12378/S01345,False,1.223991,0.002419,0,10,0.797847,0.280888,0.233131,0.082769,0.296344,0.105503,4683.80,55.50,True
30645,B024578/S01345,False,1.464623,0.001968,0,10,0.983462,0.011807,0.375928,0.003559,0.388733,0.010138,7488.40,68.90,True
30875,B01347/S2345,False,1.300954,0.003539,0,10,0.918643,0.024848,0.299947,0.012186,0.355183,0.013727,5982.80,64.10,True
30945,B0567/S2345,False,1.342813,0.074379,0,10,0.488296,0.099352,0.036137,0.014873,0.143110,0.027180,600.60,31.30,True
31006,B12348/S2345,False,0.898149,0.003496,0,10,0.659628,0.234510,0.133772,0.048630,0.248131,0.089365,2673.10,45.80,True
31041,B068/S2345,False,1.317625,0.064097,0,10,0.067310,0.046216,0.000839,0.000688,0.309111,0.369460,13.10,4.10,False
31051,B01368/S2345,False,1.466292,0.002764,0,10,0.947749,0.016641,0.334747,0.007088,0.372520,0.008779,6704.50,66.20,True
31200,B5678/S2345,False,1.406814,0.068198,0,10,0.147701,0.026206,0.002453,0.000554,0.109661,0.037667,37.60,9.10,True
31299,B016/S02345,False,1.304541,0.047947,0,10,0.132990,0.098420,0.002040,0.001961,0.199408,0.289686,31.30,8.10,True
31444,B2467/S02345,False,1.548738,0.002416,0,10,0.988614,0.013412,0.376333,0.006202,0.385075,0.006768,7547.70,68.90,True
31525,B0258/S02345,False,1.322979,0.018910,0,10,0.788777,0.277585,0.177663,0.063807,0.231001,0.083312,3399.90,54.90,True
31540,B2458/S02345,False,1.282219,0.002387,0,10,0.945941,0.015064,0.331156,0.009799,0.369883,0.011426,6681.80,66.20,True
31688,B3678/S02345,False,1.356253,0.001815,0,10,0.912664,0.017963,0.302562,0.013144,0.362613,0.006302,6085.00,64.00,True
31724,B235678/S02345,False,1.251009,0.002442,0,10,0.902360,0.021932,0.286556,0.009041,0.351591,0.011192,5783.00,62.90,True
31734,B1245678/S02345,False,1.145252,0.001922,0,10,0.685717,0.361707,0.198574,0.105094,0.269826,0.143099,3992.30,48.00,True
31762,B14/S12345,False,1.508286,0.066783,0,10,0.095762,0.022241,0.001366,0.000569,0.131047,0.046349,21.00,5.90,False
31804,B2345/S12345,False,0.774025,0.005386,0,10,0.660964,0.349202,0.185674,0.098251,0.271619,0.144193,3725.00,46.30,True
31857,B0456/S12345,False,0.966821,0.003423,0,10,0.826832,0.036727,0.220621,0.015944,0.322122,0.019801,4475.20,57.90,True
32096,B568/S12345,False,1.439083,0.053919,0,10,0.208514,0.059690,0.004823,0.002576,0.111912,0.059718,74.80,12.80,True
32302,B1235/S012345,False,1.096234,0.004054,0,10,0.706584,0.373578,0.177268,0.094025,0.227113,0.120302,3583.80,49.10,True
32336,B46/S012345,False,1.402264,0.003473,0,10,0.935219,0.023303,0.312765,0.010369,0.357452,0.012863,6301.00,65.30,True
32434,B1457/S012345,False,1.272943,0.002218,0,10,0.849300,0.299371,0.286873,0.102653,0.321918,0.114756,5757.10,59.20,True
32467,B01467/S012345,False,1.436876,0.002595,0,10,0.946842,0.019522,0.329948,0.009425,0.367965,0.013000,6633.60,66.20,True
32529,B048/S012345,False,1.575293,0.055190,0,10,0.124118,0.048613,0.002007,0.000911,0.133847,0.063297,30.90,7.60,True
32594,B1468/S012345,False,1.522597,0.001648,0,10,0.982094,0.011210,0.369002,0.008216,0.382496,0.006822,7403.30,68.80,True
32602,B13468/S012345,False,1.467299,0.001366,0,10,0.874961,0.307757,0.329324,0.116129,0.348295,0.122586,6556.70,61.30,True
32645,B0278/S012345,False,1.066620,0.049901,0,10,0.029500,0.017486,0.000275,0.000154,0.285980,0.274369,3.80,1.70,False
32653,B02378/S012345,False,1.149399,0.051300,0,10,0.114482,0.086904,0.001454,0.001409,0.093297,0.065065,22.30,7.10,True
32664,B3478/S012345,False,1.171603,0.001651,0,10,0.902496,0.024714,0.284541,0.010011,0.349231,0.015816,5687.80,63.20,True
32729,B034678/S012345,False,1.306941,0.001747,0,10,0.919068,0.026617,0.307338,0.009921,0.363746,0.015336,6154.80,64.70,True
32737,B05678/S012345,False,1.363845,0.053888,0,10,0.409906,0.083074,0.017958,0.008827,0.101715,0.040487,277.10,26.30,True
32809,B035/S6,False,1.539949,0.002231,0,10,0.987198,0.012425,0.306266,0.005585,0.314314,0.008376,6142.70,69.00,True
32828,B2345/S6,False,0.856252,0.026234,0,10,0.549483,0.045893,0.074283,0.011767,0.242432,0.016371,1511.00,38.40,True
32966,B1267/S6,False,1.108143,0.002291,0,10,0.885108,0.018170,0.251491,0.008666,0.320628,0.014125,5058.80,62.20,True
32997,B02567/S6,False,1.526835,0.001266,0,10,0.972434,0.015317,0.320735,0.008705,0.339210,0.012490,6389.40,68.00,True
33053,B02348/S6,False,1.158958,0.010185,0,10,0.798297,0.025132,0.201822,0.010607,0.316084,0.020900,4067.00,55.70,True
33149,B0234568/S6,False,0.988343,0.049211,0,10,0.034745,0.026693,0.000309,0.000209,0.255933,0.293157,4.60,2.00,False
33232,B4678/S6,False,-inf,,10,10,0.000000,0.000000,0.000000,0.000000,0.000000,0.000000,0.00,0.00,False
33268,B245678/S6,False,1.186450,0.090886,0,10,0.090893,0.041345,0.001307,0.000879,0.125181,0.031933,20.00,5.60,False
33282,B1/S06,False,1.307538,0.009176,0,10,0.538366,0.463862,0.124919,0.107633,0.155287,0.134330,2491.40,37.80,True
33299,B014/S06,False,1.375590,0.002087,0,10,0.957061,0.015020,0.308721,0.008270,0.336868,0.006021,6149.70,66.80,True
33320,B35/S06,False,1.435487,0.140992,0,10,0.118485,0.033395,0.000593,0.000241,0.037217,0.010161,9.10,7.30,True
33406,B123456/S06,False,1.024915,0.120329,0,10,0.077908,0.033175,0.000809,0.000272,0.140675,0.076299,12.40,4.80,False
33478,B1267/S06,False,1.190932,0.003101,0,10,0.824845,0.290153,0.245094,0.086626,0.291442,0.102871,4926.10,57.60,True
33692,B23478/S06,False,1.094699,0.003881,0,10,0.808190,0.023139,0.213689,0.011065,0.326221,0.016161,4329.50,56.80,True
33720,B34578/S06,False,0.907787,0.009572,0,10,0.696124,0.045698,0.091714,0.009634,0.189120,0.022572,1864.40,48.20,True
34203,B013478/S16,False,1.461227,0.002112,0,10,0.965773,0.017586,0.345203,0.005579,0.370128,0.011309,6908.20,67.70,True
34209,B0578/S16,False,1.171093,0.002267,0,10,0.660782,0.348591,0.137051,0.072436,0.200451,0.106258,2759.00,46.30,True
34252,B23678/S16,False,1.355918,0.000855,0,10,0.950728,0.014911,0.321789,0.009976,0.355931,0.014251,6390.30,66.30,True
34491,B013457/S016,False,1.246762,0.010916,0,10,0.765417,0.042557,0.163938,0.018317,0.278915,0.027727,3299.90,53.20,True
34534,B12567/S016,False,1.314211,0.001336,0,10,0.945286,0.024766,0.330395,0.016350,0.369273,0.005752,6628.00,66.30,True
34717,B023478/S016,False,1.334633,0.002945,0,10,0.883007,0.026350,0.267967,0.008615,0.343578,0.018491,5396.20,62.00,True
34883,B016/S26,False,1.281385,0.003162,0,10,0.828198,0.292047,0.241972,0.086170,0.285501,0.101409,4880.10,57.90,True
35050,B13567/S26,False,1.834623,0.001107,0,10,1.000000,0.000000,0.441849,0.006434,0.441849,0.006434,8835.50,70.00,True
35236,B2578/S26,False,1.643184,0.000723,0,10,1.000000,0.000000,0.392168,0.005598,0.392168,0.005598,7835.80,70.00,True
35402,B136/S026,False,1.831285,0.001248,0,10,1.000000,0.000000,0.431067,0.003574,0.431067,0.003574,8574.10,70.00,True
35556,B2567/S026,False,1.602953,0.001146,0,10,0.999656,0.001087,0.395289,0.007214,0.395563,0.006886,7868.10,69.90,True
35577,B034567/S026,False,1.108488,0.008681,0,10,0.591789,0.219038,0.091373,0.034752,0.212145,0.080825,1824.80,41.50,True
35632,B458/S026,False,1.172168,0.137521,0,10,0.068170,0.012803,0.000378,0.000133,0.067026,0.022853,5.80,4.20,False
35706,B134568/S026,False,1.271137,0.008433,0,10,0.771427,0.039951,0.166710,0.009301,0.280785,0.029650,3352.60,53.60,True
35723,B01378/S026,False,1.737315,0.001225,0,10,0.900000,0.316228,0.372658,0.130977,0.372658,0.130977,7441.30,63.00,True
35733,B02478/S026,False,1.832697,0.001092,0,10,1.000000,0.000000,0.446583,0.004193,0.446583,0.004193,8937.80,70.00,True
35888,B45/S126,False,1.222713,0.059313,0,10,0.096628,0.032128,0.000998,0.000512,0.096149,0.046128,15.40,6.00,False
35976,B37/S126,False,1.434090,0.061089,0,10,0.338646,0.084130,0.004235,0.001717,0.035934,0.010278,59.60,21.00,True
36000,B57/S126,False,0.860505,0.229705,0,10,0.029216,0.021369,0.000254,0.000247,0.095265,0.077949,3.90,1.80,False
36010,B1357/S126,False,1.874476,0.001201,0,10,1.000000,0.000000,0.456982,0.003843,0.456982,0.003843,9118.80,70.00,True
36049,B0467/S126,False,1.407672,0.003499,0,10,0.930523,0.026402,0.255138,0.012989,0.294530,0.014282,5141.50,65.10,True
36221,B0234568/S126,False,1.108692,0.008341,0,10,0.615741,0.217152,0.118839,0.042652,0.252709,0.091819,2376.00,43.20,True
36342,B1245678/S126,False,1.253347,0.006482,0,10,0.866974,0.032315,0.246703,0.012157,0.328292,0.024076,4944.40,60.80,True
36449,B056/S0126,False,1.181591,0.064483,0,10,0.063300,0.019432,0.000639,0.000194,0.135699,0.045923,9.70,3.90,False
36473,B03456/S0126,False,1.161885,0.007865,0,10,0.722499,0.047063,0.148199,0.018010,0.282371,0.023312,3025.10,50.40,True
36665,B03458/S0126,False,1.372908,0.002261,0,10,0.911029,0.017905,0.294063,0.006813,0.354191,0.016946,5909.10,63.80,True
36676,B268/S0126,False,1.402579,0.002712,0,10,0.978650,0.012885,0.334637,0.008605,0.349389,0.010827,6717.90,68.50,True
36712,B3568/S0126,False,1.687444,0.001384,0,10,0.993508,0.011349,0.403178,0.006530,0.408470,0.006770,8068.00,69.60,True
36772,B2578/S0126,False,1.568262,0.001273,0,10,0.995131,0.007840,0.388398,0.006362,0.392194,0.006099,7771.10,69.70,True
36833,B05678/S0126,False,1.180905,0.048164,0,10,0.058431,0.015681,0.000593,0.000207,0.152220,0.074484,9.10,3.60,False
37152,B58/S36,False,1.386294,0.000000,0,10,0.000000,0.000000,0.000000,0.000000,0.000000,0.000000,0.00,0.00,False
37300,B24578/S36,False,1.855712,0.001298,0,10,1.000000,0.000000,0.458425,0.004944,0.458425,0.004944,9125.10,70.00,True
37306,B134578/S36,False,1.642914,0.001713,0,10,0.998033,0.005127,0.409238,0.008501,0.410832,0.007278,8184.70,69.80,True
37496,B3456/S036,False,1.431584,0.001311,0,10,0.967936,0.016193,0.351175,0.005290,0.374928,0.013439,7011.60,67.60,True
37516,B237/S036,False,1.502260,0.001171,0,10,0.994033,0.007851,0.393344,0.007614,0.398037,0.005458,7881.90,69.60,True
37587,B01467/S036,False,1.764345,0.002791,0,10,1.000000,0.000000,0.423154,0.003781,0.423154,0.003781,8459.60,70.00,True
37993,B0356/S136,False,1.849040,0.001560,0,10,1.000000,0.000000,0.473753,0.002851,0.473753,0.002851,9409.10,70.00,True
38000,B456/S136,False,1.370827,0.034423,0,10,0.196394,0.057994,0.001154,0.000593,0.028285,0.011528,17.80,12.10,True
38102,B12467/S136,False,1.957977,0.001485,0,10,1.000000,0.000000,0.483540,0.002597,0.483540,0.002597,9646.10,70.00,True
38176,B58/S136,False,1.400718,0.047170,0,10,0.051939,0.014915,0.000183,0.000126,0.063996,0.060863,2.80,3.20,False
38243,B01568/S136,False,1.495530,0.002068,0,10,0.991106,0.010864,0.355685,0.007505,0.362066,0.005955,7105.60,69.30,True
38340,B2678/S136,False,1.758051,0.001342,0,10,1.000000,0.000000,0.400017,0.004239,0.400017,0.004239,7992.70,70.00,True
38381,B0235678/S136,False,1.726357,0.001069,0,10,1.000000,0.000000,0.451606,0.002651,0.451606,0.002651,8994.20,70.00,True
38417,B04/S0136,False,1.463505,0.020926,0,10,0.544448,0.103284,0.030712,0.008766,0.106521,0.032767,495.80,35.60,True
38446,B1235/S0136,False,1.742833,0.003233,0,10,1.000000,0.000000,0.433830,0.003941,0.433830,0.003941,8697.50,70.00,True
38454,B1245/S0136,False,1.811215,0.001332,0,10,1.000000,0.000000,0.451745,0.008954,0.451745,0.008954,9001.50,70.00,True
38730,B1368/S0136,False,1.827109,0.001057,0,10,1.000000,0.000000,0.465366,0.003311,0.465366,0.003311,9303.10,70.00,True
38769,B04568/S0136,False,1.558149,0.004770,0,10,0.940251,0.019427,0.277279,0.015658,0.313348,0.015353,5490.50,65.60,True
38867,B014678/S0136,False,1.833798,0.001792,0,10,1.000000,0.000000,0.450577,0.004517,0.450577,0.004517,8960.50,70.00,True
38897,B045678/S0136,False,1.536749,0.001955,0,10,0.965094,0.016680,0.359639,0.009835,0.386102,0.013513,7203.00,67.60,True
38934,B124/S236,False,1.723149,0.001570,0,10,1.000000,0.000000,0.436510,0.006121,0.436510,0.006121,8726.40,70.00,True
38950,B125/S236,False,1.598185,0.001074,0,10,0.998377,0.005133,0.415404,0.010048,0.416718,0.008279,8313.40,69.90,True
39065,B0347/S236,False,1.552888,0.000984,0,10,0.992608,0.009890,0.410963,0.006952,0.417078,0.005101,8168.50,69.50,True
39098,B13457/S236,False,1.633514,0.001948,0,10,0.993508,0.008382,0.402382,0.006043,0.407684,0.008807,8040.30,69.60,True
39101,B023457/S236,False,1.510536,0.002495,0,10,0.957888,0.021354,0.354965,0.012212,0.386708,0.010095,7161.40,67.10,True
39118,B12367/S236,False,1.393342,0.001344,0,10,0.985223,0.014243,0.389873,0.008383,0.401667,0.010134,7807.80,69.00,True
39293,B0234568/S236,False,1.355854,0.001481,0,10,0.927242,0.028791,0.309325,0.018033,0.359301,0.011286,6171.40,64.90,True
39350,B124578/S236,False,1.752790,0.000876,0,10,1.000000,0.000000,0.439833,0.004476,0.439833,0.004476,8797.10,70.00,True
39361,B0678/S236,False,1.130123,0.041060,0,10,0.243177,0.048133,0.005614,0.001515,0.093207,0.026078,85.60,14.90,True
39371,B013678/S236,False,1.649843,0.001961,0,10,0.999100,0.002845,0.440411,0.005217,0.441201,0.003988,8816.40,69.90,True
39443,B014/S0236,False,1.690816,0.001465,0,10,0.998833,0.003141,0.414333,0.006935,0.415313,0.007267,8253.50,69.80,True
39476,B245/S0236,False,1.742388,0.001528,0,10,1.000000,0.000000,0.443719,0.004965,0.443719,0.004965,8869.30,70.00,True
39628,B2367/S0236,False,1.450023,0.001530,0,10,0.991885,0.008554,0.407754,0.013119,0.414377,0.011664,8108.90,69.50,True
39682,B18/S0236,False,1.310600,0.017649,0,10,0.718345,0.058149,0.091009,0.011099,0.175490,0.014511,1584.10,47.80,True
39685,B028/S0236,False,1.423649,0.005391,0,10,0.862926,0.303751,0.286530,0.100984,0.311661,0.110033,5736.40,60.30,True
39692,B238/S0236,False,1.362811,0.001968,0,10,0.982723,0.011043,0.375591,0.010810,0.388765,0.007011,7525.70,68.80,True
39798,B124568/S0236,False,1.595009,0.001879,0,10,0.987930,0.010351,0.395274,0.008145,0.404918,0.005576,7891.10,69.20,True
40099,B0157/S1236,False,1.351006,0.009342,0,10,0.837960,0.039541,0.213735,0.018422,0.303594,0.016978,4250.70,58.50,True
40140,B2367/S1236,False,1.405344,0.002169,0,10,0.886492,0.311749,0.351075,0.123689,0.361745,0.127153,6982.20,62.10,True
40213,B0248/S1236,False,1.771608,0.001082,0,10,1.000000,0.000000,0.450402,0.004125,0.450402,0.004125,8988.40,70.00,True
40248,B3458/S1236,False,1.455984,0.001462,0,10,0.962174,0.020864,0.355322,0.008422,0.383926,0.014663,7134.20,67.40,True
40382,B1234578/S1236,False,1.389568,0.002633,0,10,0.902959,0.022961,0.280207,0.008880,0.343512,0.015598,5642.70,63.10,True
40385,B0678/S1236,False,1.121307,0.087856,0,10,0.049844,0.023783,0.000462,0.000271,0.163401,0.107147,7.20,3.10,False
40453,B02/S01236,False,1.335839,0.097208,0,10,0.155816,0.061782,0.003114,0.001656,0.124952,0.053853,48.00,9.60,True
40547,B0156/S01236,False,1.184127,0.019443,0,10,0.499130,0.206009,0.041332,0.021885,0.129198,0.050258,695.30,31.80,True
40566,B12456/S01236,False,1.556429,0.001226,0,10,0.983395,0.008394,0.386639,0.008363,0.399701,0.006867,7728.20,68.90,True
40574,B123456/S01236,False,1.222968,0.002069,0,10,0.775552,0.273629,0.225605,0.080362,0.303146,0.107303,4545.80,54.40,True
40632,B3457/S01236,False,1.525156,0.002351,0,10,0.972771,0.013736,0.368576,0.007930,0.389422,0.007900,7345.40,67.90,True
40741,B0258/S01236,False,1.622139,0.001673,0,10,0.995131,0.007840,0.405699,0.009468,0.409662,0.009231,8086.40,69.70,True
41067,B01356/S46,False,1.923778,0.001155,0,10,1.000000,0.000000,0.473514,0.004310,0.473514,0.004310,9435.60,70.00,True
41169,B0467/S46,False,1.311119,0.007375,0,10,0.929777,0.014964,0.248746,0.007076,0.287531,0.009958,5002.00,65.20,True
41184,B567/S46,False,-inf,,10,10,0.000000,0.000000,0.000000,0.000000,0.000000,0.000000,0.00,0.00,False
41258,B1358/S46,False,1.974357,0.001017,0,10,1.000000,0.000000,0.462453,0.002272,0.462453,0.002272,9186.80,70.00,True
41300,B2468/S46,False,1.886359,0.001459,0,10,1.000000,0.000000,0.456175,0.003014,0.456175,0.003014,9137.40,70.00,True
41370,B13478/S46,False,1.686389,0.002183,0,10,1.000000,0.000000,0.433784,0.004658,0.433784,0.004658,8678.90,70.00,True
41377,B0578/S46,False,1.215998,0.014826,0,10,0.861620,0.024739,0.200024,0.004747,0.269568,0.018006,4014.40,59.70,True
41409,B0678/S46,False,1.011973,0.006395,0,10,0.743672,0.041195,0.134607,0.009639,0.242797,0.015774,2675.20,51.40,True
41526,B1245/S046,False,1.778334,0.002177,0,10,1.000000,0.000000,0.457883,0.005506,0.457883,0.005506,9111.00,70.00,True
41528,B345/S046,False,1.647251,0.002830,0,10,0.996231,0.006767,0.406461,0.008250,0.409559,0.009166,8123.90,69.70,True
41602,B17/S046,False,1.451490,0.002541,0,10,0.940594,0.015162,0.255989,0.006904,0.289202,0.010438,5120.30,66.20,True
41685,B02467/S046,False,1.918137,0.001399,0,10,1.000000,0.000000,0.475658,0.002507,0.475658,0.002507,9501.50,70.00,True
41738,B138/S046,False,1.828273,0.001252,0,10,1.000000,0.000000,0.420869,0.003727,0.420869,0.003727,8405.20,70.00,True
41928,B3678/S046,False,1.329590,0.156534,0,10,0.136824,0.033457,0.000731,0.000213,0.038839,0.017666,11.30,8.50,True
41942,B124678/S046,False,1.885661,0.000904,0,10,1.000000,0.000000,0.478801,0.001661,0.478801,0.001661,9563.70,70.00,True
42237,B0234567/S146,False,1.685295,0.000893,0,10,0.995950,0.006891,0.388292,0.006912,0.391459,0.007153,7785.80,69.70,True
42328,B3468/S146,False,1.831380,0.002002,0,10,1.000000,0.000000,0.471538,0.005714,0.471538,0.005714,9376.00,70.00,True
42379,B01378/S146,False,1.842724,0.000829,0,10,1.000000,0.000000,0.448125,0.003790,0.448125,0.003790,8931.70,70.00,True
42398,B123478/S146,False,1.635800,0.001064,0,10,0.994049,0.007914,0.409216,0.007649,0.414093,0.005812,8220.80,69.50,True
42530,B15/S0146,False,1.508960,0.002573,0,10,0.980006,0.013329,0.331409,0.008450,0.344953,0.005375,6617.20,68.60,True
42768,B48/S0146,False,0.932083,0.169614,0,10,0.066547,0.022241,0.000430,0.000185,0.079617,0.021882,6.60,4.10,False
43002,B1345678/S0146,False,1.704495,0.001270,0,10,0.998377,0.005133,0.395043,0.005702,0.396330,0.005935,7914.60,69.90,True
43081,B036/S246,False,1.942708,0.001036,0,10,1.000000,0.000000,0.458578,0.002171,0.458578,0.002171,9123.60,70.00,True
43132,B23456/S246,False,1.681654,0.001309,0,10,0.995047,0.010917,0.402525,0.008261,0.406527,0.006641,8008.20,69.60,True
43153,B047/S246,False,1.658521,0.006448,0,10,0.989128,0.011030,0.340537,0.008692,0.347992,0.005607,6802.30,69.10,True
43211,B01367/S246,False,1.995675,0.000628,0,10,1.000000,0.000000,0.481920,0.002083,0.481920,0.002083,9604.50,70.00,True
43252,B24567/S246,False,1.808386,0.001508,0,10,1.000000,0.000000,0.433388,0.005152,0.433388,0.005152,8672.40,70.00,True
43425,B0578/S246,False,1.431448,0.006554,0,10,0.911126,0.025789,0.233707,0.010118,0.281261,0.010507,4727.70,63.80,True
43457,B0678/S246,False,1.479301,0.029838,0,10,0.738537,0.062458,0.095539,0.017291,0.173571,0.019183,1776.40,50.10,True
43468,B23678/S246,False,1.836221,0.001512,0,10,1.000000,0.000000,0.470646,0.002832,0.470646,0.002832,9383.60,70.00,True
43480,B34678/S246,False,1.916107,0.001050,0,10,1.000000,0.000000,0.477201,0.002426,0.477201,0.002426,9510.70,70.00,True
43526,B12/S0246,False,1.581949,0.001209,0,10,0.995240,0.007671,0.398880,0.006714,0.402688,0.006174,7954.80,69.70,True
43588,B26/S0246,False,1.744310,0.000936,0,10,1.000000,0.000000,0.420865,0.004525,0.420865,0.004525,8373.70,70.00,True
43651,B017/S0246,False,1.458185,0.002751,0,10,0.956967,0.012166,0.297361,0.007736,0.324525,0.007635,5938.90,66.90,True
43806,B12348/S0246,False,1.655597,0.001302,0,10,0.996410,0.007611,0.409658,0.005401,0.412598,0.003379,8169.80,69.70,True
43890,B14568/S0246,False,1.811255,0.000638,0,10,1.000000,0.000000,0.457509,0.004663,0.457509,0.004663,9111.50,70.00,True
44146,B1456/S1246,False,1.773317,0.001172,0,10,1.000000,0.000000,0.450756,0.002494,0.450756,0.002494,9000.10,70.00,True
44209,B0457/S1246,False,1.857290,0.003264,0,10,1.000000,0.000000,0.456540,0.002783,0.456540,0.002783,9112.00,70.00,True
44418,B178/S1246,False,1.442135,0.091962,0,10,0.137103,0.031157,0.002718,0.001145,0.131924,0.045274,41.50,8.40,True
44557,B023/S01246,False,1.675049,0.000870,0,10,0.996231,0.006767,0.425467,0.007491,0.428666,0.005772,8481.80,69.70,True
44595,B0145/S01246,False,1.816764,0.001592,0,10,1.000000,0.000000,0.466776,0.001791,0.466776,0.001791,9280.70,70.00,True
44596,B245/S01246,False,1.899840,0.001081,0,10,1.000000,0.000000,0.475699,0.003303,0.475699,0.003303,9524.60,70.00,True
44616,B36/S01246,False,1.898000,0.001861,0,10,1.000000,0.000000,0.456825,0.002580,0.456825,0.002580,9090.90,70.00,True
44628,B246/S01246,False,2.028097,0.001366,0,10,1.000000,0.000000,0.498102,0.001116,0.498102,0.001116,9886.30,70.00,True
44636,B2346/S01246,False,1.843014,0.002127,0,10,1.000000,0.000000,0.462087,0.003976,0.462087,0.003976,9238.00,70.00,True
44724,B2457/S01246,False,1.969868,0.001864,0,10,1.000000,0.000000,0.481281,0.000861,0.481281,0.000861,9552.00,70.00,True
44852,B2458/S01246,False,1.909967,0.001005,0,10,1.000000,0.000000,0.479223,0.001984,0.479223,0.001984,9548.10,70.00,True
44857,B03458/S01246,False,1.799218,0.001135,0,10,1.000000,0.000000,0.441975,0.004751,0.441975,0.004751,8790.30,70.00,True
44981,B024578/S01246,False,1.967947,0.000934,0,10,1.000000,0.000000,0.478040,0.001873,0.478040,0.001873,9538.60,70.00,True
44990,B1234578/S01246,False,1.770177,0.003023,0,10,0.999477,0.001655,0.398098,0.007605,0.398517,0.007421,7968.30,69.90,True
45062,B12/S346,False,1.376478,0.001854,0,10,0.920696,0.021377,0.302948,0.009869,0.357043,0.009479,6068.20,64.40,True
45080,B34/S346,False,1.488290,0.001624,0,10,0.996754,0.006844,0.411682,0.005780,0.414394,0.007924,8267.60,69.80,True
45091,B015/S346,False,1.559643,0.005726,0,10,0.970372,0.012539,0.355237,0.011970,0.377009,0.006984,7118.30,68.00,True
45250,B167/S346,False,1.341759,0.001341,0,10,0.874829,0.027244,0.208258,0.009896,0.271748,0.009811,4136.80,60.30,True
45260,B2367/S346,False,1.633824,0.001524,0,10,0.998377,0.005133,0.428638,0.004837,0.430029,0.004474,8592.30,69.90,True
45305,B034567/S346,False,1.559467,0.002353,0,10,0.984978,0.011185,0.369803,0.010052,0.381082,0.008371,7408.90,69.00,True
45336,B348/S346,False,1.507757,0.001744,0,10,0.995240,0.007671,0.413850,0.005286,0.417805,0.005029,8261.40,69.70,True
45516,B23678/S346,False,1.629538,0.001303,0,10,1.000000,0.000000,0.426949,0.006907,0.426949,0.006907,8507.00,70.00,True
45525,B024678/S346,False,1.884518,0.001334,0,10,1.000000,0.000000,0.470256,0.003395,0.470256,0.003395,9364.30,70.00,True
45603,B015/S0346,False,1.570855,0.007527,0,10,0.977277,0.015681,0.363624,0.006494,0.380712,0.008809,7271.00,68.60,True
45741,B02357/S0346,False,1.963706,0.001449,0,10,1.000000,0.000000,0.474827,0.003749,0.474827,0.003749,9454.20,70.00,True
45858,B158/S0346,False,1.578152,0.005305,0,10,0.977277,0.013687,0.350827,0.009653,0.367270,0.010848,7013.70,68.60,True
45874,B1458/S0346,False,1.708386,0.001353,0,10,1.000000,0.000000,0.440892,0.005732,0.440892,0.005732,8810.40,70.00,True
45971,B01478/S0346,False,1.701063,0.001473,0,10,0.999100,0.002845,0.442715,0.007070,0.443503,0.005924,8814.80,69.90,True
46041,B034678/S0346,False,1.740968,0.001746,0,10,1.000000,0.000000,0.447121,0.002939,0.447121,0.002939,8933.40,70.00,True
46149,B026/S1346,False,1.678900,0.001412,0,10,0.991118,0.006935,0.391233,0.007648,0.398230,0.005284,7846.30,69.20,True
46166,B1246/S1346,False,1.925125,0.001057,0,10,1.000000,0.000000,0.480151,0.001541,0.480151,0.001541,9539.10,70.00,True
46213,B027/S1346,False,1.637097,0.002017,0,10,0.971854,0.016910,0.356308,0.008259,0.377236,0.010597,7132.30,68.20,True
46254,B12357/S1346,False,1.963563,0.001150,0,10,1.000000,0.000000,0.470501,0.002763,0.470501,0.002763,9384.30,70.00,True
46342,B128/S1346,False,1.453804,0.001744,0,10,0.859547,0.302429,0.300124,0.105648,0.329022,0.116190,5993.60,60.10,True
46484,B2478/S1346,False,1.865574,0.001561,0,10,1.000000,0.000000,0.469818,0.002559,0.469818,0.002559,9351.10,70.00,True
46650,B1345/S01346,False,1.668654,0.001577,0,10,1.000000,0.000000,0.423255,0.006518,0.423255,0.006518,8472.30,70.00,True
46678,B1246/S01346,False,1.922680,0.001417,0,10,1.000000,0.000000,0.479155,0.002485,0.479155,0.002485,9535.60,70.00,True
46689,B056/S01346,False,1.375420,0.017950,0,10,0.152570,0.064107,0.002869,0.001243,0.129091,0.063313,43.90,9.40,True
46764,B2357/S01346,False,1.981106,0.001357,0,10,1.000000,0.000000,0.474807,0.001786,0.474807,0.001786,9440.20,70.00,True
46979,B0178/S01346,False,1.439490,0.117529,0,10,0.355373,0.091516,0.013781,0.004008,0.112547,0.037570,214.40,21.90,True
47004,B23478/S01346,False,1.632087,0.002194,0,10,0.997944,0.005163,0.420499,0.007080,0.422247,0.007914,8390.70,69.80,True
47041,B0678/S01346,False,1.389116,0.009431,0,10,0.077730,0.027410,0.001100,0.000593,0.142013,0.049031,17.00,4.90,False
47056,B4678/S01346,False,1.451362,0.035134,0,10,0.451218,0.074889,0.008476,0.002228,0.040851,0.009088,129.80,27.80,True
47109,B02/S2346,False,1.332475,0.174205,0,10,0.085164,0.049749,0.001260,0.000945,0.125393,0.068454,19.40,5.20,False
47210,B1356/S2346,False,1.828896,0.001279,0,10,1.000000,0.000000,0.449999,0.005340,0.449999,0.005340,8925.90,70.00,True
47397,B0258/S2346,False,1.744393,0.001330,0,10,0.998377,0.005133,0.425344,0.003186,0.426751,0.005758,8516.60,69.90,True
47418,B13458/S2346,False,1.647377,0.001590,0,10,1.000000,0.000000,0.404075,0.004720,0.404075,0.004720,8100.00,70.00,True
47492,B278/S2346,False,1.239584,0.099448,0,10,0.151044,0.066024,0.002888,0.001330,0.125250,0.063311,44.90,9.40,True
47578,B134678/S2346,False,1.731851,0.001348,0,10,1.000000,0.000000,0.434730,0.004272,0.434730,0.004272,8676.10,70.00,True
48060,B234578/S02346,False,1.617867,0.005547,0,10,0.982351,0.010200,0.366766,0.009199,0.380150,0.014612,7376.20,68.80,True
48241,B0456/S12346,False,1.542738,0.002291,0,10,0.980670,0.006046,0.372842,0.008992,0.387585,0.008558,7461.50,68.50,True
48357,B02567/S12346,False,1.683486,0.001969,0,10,0.998377,0.005133,0.402381,0.006689,0.403678,0.005930,8029.00,69.90,True
48425,B0358/S12346,False,1.855577,0.001219,0,10,1.000000,0.000000,0.449581,0.005232,0.449581,0.005232,9022.40,70.00,True
48502,B124568/S12346,False,1.679681,0.001357,0,10,1.000000,0.000000,0.409671,0.005144,0.409671,0.005144,8219.70,70.00,True
48528,B478/S12346,False,1.601312,0.003333,0,10,0.988838,0.014099,0.387821,0.010053,0.396646,0.010520,7767.20,69.20,True
48554,B13578/S12346,False,1.952856,0.001038,0,10,1.000000,0.000000,0.466441,0.002456,0.466441,0.002456,9304.10,70.00,True
48682,B135/S012346,False,1.845223,0.001343,0,10,1.000000,0.000000,0.449493,0.003839,0.449493,0.003839,8987.00,70.00,True
48860,B23467/S012346,False,1.631462,0.002127,0,10,0.995131,0.010955,0.401749,0.010255,0.405668,0.008751,8012.90,69.70,True
48964,B268/S012346,False,1.248156,0.111112,0,10,0.232102,0.112203,0.005833,0.003853,0.105077,0.041919,89.10,14.30,True
49002,B13568/S012346,False,1.832219,0.000961,0,10,1.000000,0.000000,0.444961,0.002866,0.444961,0.002866,8887.00,70.00,True
49289,B037/S56,False,1.441014,0.001753,0,10,0.969079,0.010335,0.291090,0.006540,0.309879,0.008279,5807.00,68.00,True
49549,B02378/S56,False,1.337906,0.001318,0,10,0.923177,0.017571,0.298346,0.008425,0.350035,0.017438,5966.90,64.50,True
49580,B23578/S56,False,1.577223,0.001107,0,10,0.983794,0.012083,0.394258,0.006662,0.407338,0.007926,7921.20,68.90,True
49584,B4578/S56,False,1.517663,0.000000,3,10,0.000000,0.000000,0.000000,0.000000,0.000000,0.000000,0.00,0.00,False
49597,B0234578/S56,False,1.396356,0.003658,0,10,0.920397,0.019208,0.305160,0.009306,0.360007,0.014150,6141.70,64.50,True
49721,B0345/S056,False,1.056251,0.009644,0,10,0.772085,0.025931,0.176996,0.010762,0.295835,0.014572,3534.20,53.50,True
49744,B46/S056,False,0.333810,0.696639,0,10,0.051939,0.023952,0.000170,0.000098,0.067229,0.061558,2.60,3.20,False
49782,B12456/S056,False,1.172349,0.052303,0,10,0.533491,0.193464,0.049138,0.018953,0.138242,0.050015,886.20,35.50,True
49824,B57/S056,False,0.000000,0.000000,0,10,0.022723,0.020531,0.000072,0.000065,0.051619,0.046034,1.10,1.40,False
50186,B13/S156,False,1.685501,0.001168,0,10,0.997379,0.005719,0.394511,0.006260,0.396565,0.004353,7847.90,69.80,True
50313,B037/S156,False,1.615528,0.001210,0,10,0.995131,0.007840,0.352053,0.007145,0.355471,0.005606,7040.10,69.70,True
50344,B357/S156,False,1.407910,0.084533,0,10,0.224749,0.040864,0.001134,0.000235,0.022161,0.006725,17.30,13.80,True
50387,B01467/S156,False,1.555257,0.001452,0,10,0.991497,0.007821,0.384398,0.006778,0.390980,0.005144,7663.30,69.40,True
50405,B02567/S156,False,1.588307,0.001918,0,10,1.000000,0.000000,0.391573,0.007977,0.391573,0.007977,7809.40,70.00,True
50446,B1238/S156,False,1.227884,0.001906,0,10,0.916846,0.029619,0.293377,0.007427,0.349226,0.017769,5894.70,63.60,True
50534,B12568/S156,False,1.338528,0.001191,0,10,0.985889,0.014263,0.374758,0.008620,0.385672,0.013511,7488.90,68.90,True
50554,B134568/S156,False,1.244604,0.003478,0,10,0.895199,0.029712,0.257851,0.008085,0.321796,0.017113,5198.20,62.60,True
50563,B0178/S156,False,1.047011,0.002047,0,10,0.762357,0.268560,0.206817,0.073005,0.287664,0.101772,4149.70,53.80,True
50595,B01578/S156,False,1.231882,0.003258,0,10,0.948519,0.017899,0.309948,0.007592,0.344379,0.009376,6199.60,66.30,True
50684,B2345678/S156,False,1.151896,0.002427,0,10,0.869760,0.025907,0.226042,0.014219,0.298523,0.020622,4521.40,60.90,True
50714,B134/S0156,False,1.505164,0.001894,0,10,0.973092,0.013899,0.367170,0.006709,0.387766,0.011141,7347.90,68.00,True
50892,B2367/S0156,False,1.427843,0.000896,0,10,0.970112,0.010744,0.365961,0.006112,0.388828,0.010856,7325.80,67.90,True
50894,B12367/S0156,False,1.348860,0.001088,0,10,0.955228,0.014625,0.345192,0.009858,0.378091,0.008944,6891.40,66.90,True
50896,B467/S0156,False,0.946996,0.268360,0,10,0.073039,0.020602,0.000704,0.000271,0.111878,0.041164,10.80,4.50,False
50936,B34567/S0156,False,1.117150,0.008441,0,10,0.746431,0.064738,0.080906,0.014384,0.145204,0.024481,1409.40,49.90,True
50985,B0358/S0156,False,1.713555,0.001470,0,10,1.000000,0.000000,0.404990,0.005195,0.404990,0.005195,8088.70,70.00,True
50988,B2358/S0156,False,1.617912,0.001586,0,10,0.998377,0.005133,0.418765,0.006835,0.420143,0.007930,8380.10,69.90,True
51054,B123568/S0156,False,1.461262,0.001831,0,10,0.986214,0.010823,0.390937,0.007362,0.401928,0.008262,7845.60,68.90,True
51123,B014578/S0156,False,1.351456,0.002536,0,10,0.963866,0.007980,0.348088,0.008077,0.374579,0.011965,6958.60,67.40,True
51236,B25/S256,False,1.656633,0.001444,0,10,1.000000,0.000000,0.410320,0.002572,0.410320,0.002572,8189.70,70.00,True
51313,B0456/S256,False,1.337662,0.001124,0,10,0.951825,0.014609,0.344911,0.011781,0.380350,0.007339,6910.10,66.80,True
51349,B0247/S256,False,1.873837,0.001155,0,10,1.000000,0.000000,0.467277,0.002952,0.467277,0.002952,9284.20,70.00,True
51381,B02457/S256,False,1.666509,0.002737,0,10,1.000000,0.000000,0.432598,0.003931,0.432598,0.003931,8628.70,70.00,True
51441,B04567/S256,False,1.294570,0.002771,0,10,0.942000,0.020765,0.328290,0.009877,0.369786,0.011901,6561.10,66.00,True
51513,B03458/S256,False,1.443572,0.001650,0,10,0.970754,0.014671,0.358453,0.007644,0.380434,0.013408,7177.20,67.80,True
51572,B24568/S256,False,1.418036,0.002184,0,10,0.980154,0.014361,0.358153,0.008268,0.372803,0.009810,7167.10,68.50,True
51603,B01478/S256,False,1.713291,0.001674,0,10,1.000000,0.000000,0.409717,0.005418,0.409717,0.005418,8121.20,70.00,True
51944,B3567/S0256,False,1.674572,0.010091,0,10,0.998121,0.005106,0.407826,0.008778,0.409329,0.006825,8141.80,69.80,True
52064,B568/S0256,False,1.269738,0.081275,0,10,0.054422,0.024288,0.000332,0.000306,0.088668,0.061321,5.00,3.40,False
52188,B234678/S0256,False,1.589133,0.001686,0,10,0.988747,0.010907,0.384761,0.006289,0.393595,0.009483,7680.10,69.30,True
52238,B123/S1256,False,1.257031,0.001580,0,10,0.933868,0.017835,0.327462,0.008596,0.375288,0.010852,6544.90,65.20,True
52408,B3457/S1256,False,1.544476,0.001245,0,10,0.982146,0.009213,0.375781,0.006197,0.389534,0.009204,7527.70,68.90,True
52446,B123467/S1256,False,1.567363,0.001045,0,10,0.986277,0.014409,0.377946,0.009200,0.388526,0.008069,7619.40,68.80,True
52544,B68/S1256,False,0.693147,0.000000,0,10,0.029216,0.025145,0.000209,0.000203,0.178221,0.293441,3.20,1.80,False
52573,B023468/S1256,False,1.646199,0.001234,0,10,0.998033,0.005127,0.411113,0.004823,0.412716,0.002500,8208.20,69.80,True
52577,B0568/S1256,False,1.248001,0.027084,0,10,0.210788,0.059803,0.005885,0.003058,0.120208,0.040464,88.90,13.00,True
52705,B05678/S1256,False,1.241700,0.011471,0,10,0.193906,0.041936,0.004864,0.002126,0.118559,0.030723,73.70,11.90,True
52709,B025678/S1256,False,1.471275,0.001964,0,10,0.996754,0.006844,0.407524,0.005518,0.410162,0.004060,8124.40,69.80,True
52742,B12/S01256,False,1.121466,0.005711,0,10,0.889456,0.024686,0.245785,0.007642,0.310509,0.013910,4888.90,62.00,True
53057,B068/S01256,False,1.301286,0.071388,0,10,0.052799,0.021397,0.000502,0.000236,0.145422,0.050321,7.70,3.30,False
53104,B4568/S01256,False,1.143508,0.021018,0,10,0.493419,0.069791,0.016324,0.003514,0.067447,0.018159,248.20,30.40,True
53184,B678/S01256,False,0.535050,0.478195,0,10,0.021100,0.013362,0.000130,0.000069,0.152345,0.096845,2.00,1.30,False
53200,B4678/S01256,False,1.330585,0.079752,0,10,0.176917,0.051012,0.002790,0.001285,0.091025,0.049253,42.90,10.90,True
53205,B024678/S01256,False,1.821304,0.001231,0,10,1.000000,0.000000,0.464984,0.004173,0.464984,0.004173,9249.20,70.00,True
53657,B03478/S356,False,1.732613,0.001393,0,10,1.000000,0.000000,0.440944,0.003862,0.440944,0.003862,8743.70,70.00,True
53662,B123478/S356,False,1.662139,0.002697,0,10,0.991885,0.011477,0.397099,0.008854,0.403556,0.005291,7950.20,69.50,True
53873,B0456/S0356,False,1.515239,0.001964,0,10,0.991885,0.011477,0.384970,0.007496,0.391264,0.006181,7698.90,69.50,True
54005,B024567/S0356,False,1.537698,0.002549,0,10,0.983148,0.008239,0.357500,0.005722,0.369819,0.007376,7164.90,68.80,True
54213,B02678/S0356,False,1.743816,0.001538,0,10,1.000000,0.000000,0.414429,0.004579,0.414429,0.004579,8252.60,70.00,True
54401,B07/S1356,False,1.688134,0.015788,0,10,0.140535,0.037675,0.002559,0.000936,0.121309,0.038021,38.30,8.70,True
54467,B0167/S1356,False,1.422624,0.002326,0,10,0.966385,0.021234,0.324659,0.009873,0.347648,0.011996,6507.20,67.70,True
54787,B01/S01356,False,1.627365,0.044114,0,10,0.320641,0.068482,0.009958,0.003376,0.094626,0.032423,153.40,19.80,True
54797,B023/S01356,False,1.615005,0.001184,0,10,0.997477,0.005585,0.416699,0.008525,0.418823,0.009166,8296.80,69.80,True
54925,B0237/S01356,False,1.666263,0.001202,0,10,0.998377,0.005133,0.429913,0.005157,0.431307,0.004699,8556.20,69.90,True
55057,B048/S01356,False,1.662602,0.021518,0,10,0.809812,0.059073,0.096145,0.022508,0.146825,0.032258,1717.40,54.90,True
55058,B148/S01356,False,1.883802,0.000926,0,10,1.000000,0.000000,0.456605,0.006509,0.456605,0.006509,9107.20,70.00,True
55156,B24568/S01356,False,1.611448,0.002587,0,10,0.998377,0.005133,0.390825,0.005528,0.392077,0.003916,7784.40,69.90,True
55308,B23/S2356,False,1.390562,0.001706,0,10,0.968342,0.019453,0.357732,0.008412,0.381605,0.014535,7186.20,67.90,True
55680,B78/S2356,False,1.560019,0.036137,0,10,0.021100,0.028680,0.000137,0.000195,0.040672,0.060036,2.10,1.30,False
55753,B03678/S2356,False,1.671735,0.001468,0,10,1.000000,0.000000,0.441581,0.006167,0.441581,0.006167,8803.10,70.00,True
55814,B12/S02356,False,1.310821,0.005290,0,10,0.886675,0.035209,0.237187,0.010581,0.301712,0.016654,4768.80,61.70,True
55828,B24/S02356,False,1.842199,0.002068,0,10,1.000000,0.000000,0.457263,0.004709,0.457263,0.004709,9149.90,70.00,True
55853,B0235/S02356,False,1.737519,0.002051,0,10,1.000000,0.000000,0.448644,0.005055,0.448644,0.005055,8939.30,70.00,True
55873,B06/S02356,False,1.569745,0.046761,0,10,0.111721,0.042979,0.001679,0.000890,0.129705,0.060546,26.00,6.90,True
55926,B12456/S02356,False,1.493512,0.001681,0,10,0.991351,0.007433,0.368090,0.006603,0.374557,0.008530,7382.50,69.30,True
55974,B1257/S02356,False,1.746373,0.001833,0,10,1.000000,0.000000,0.453143,0.003147,0.453143,0.003147,8998.60,70.00,True
55982,B12357/S02356,False,1.810132,0.001278,0,10,1.000000,0.000000,0.444395,0.005910,0.444395,0.005910,8839.30,70.00,True
56022,B12467/S02356,False,1.835901,0.001709,0,10,1.000000,0.000000,0.432169,0.006332,0.432169,0.006332,8651.70,70.00,True
56068,B28/S02356,False,1.416410,0.003985,0,10,0.919909,0.018138,0.274155,0.006364,0.323807,0.012412,5472.10,64.60,True
56220,B23478/S02356,False,1.620207,0.001894,0,10,0.994231,0.007735,0.391966,0.004563,0.396539,0.006331,7829.00,69.60,True
56253,B0234578/S02356,False,1.597456,0.001736,0,10,0.995331,0.006809,0.362128,0.009879,0.365490,0.007991,7233.50,69.60,True
56276,B24678/S02356,False,1.839433,0.002368,0,10,1.000000,0.000000,0.435094,0.007191,0.435094,0.007191,8677.60,70.00,True
56284,B234678/S02356,False,1.631937,0.004281,0,10,0.995147,0.008700,0.374788,0.010511,0.378367,0.005838,7454.60,69.60,True
56365,B0235/S12356,False,1.714337,0.001280,0,10,1.000000,0.000000,0.441644,0.004715,0.441644,0.004715,8786.80,70.00,True
56406,B1246/S12356,False,1.887019,0.001871,0,10,1.000000,0.000000,0.455937,0.003954,0.455937,0.003954,9079.50,70.00,True
56524,B2367/S12356,False,1.565371,0.000816,0,10,0.996754,0.006844,0.412969,0.006685,0.415661,0.006880,8260.20,69.80,True
56611,B0158/S12356,False,1.472210,0.008567,0,10,0.903811,0.020416,0.277441,0.008918,0.339339,0.011438,5629.60,63.10,True
56658,B1468/S12356,False,1.877052,0.001387,0,10,1.000000,0.000000,0.460687,0.002454,0.460687,0.002454,9185.00,70.00,True
56766,B1234578/S12356,False,1.541863,0.005654,0,10,0.964544,0.014603,0.327667,0.011655,0.352063,0.011666,6589.80,67.40,True
56778,B13678/S12356,False,1.653693,0.001187,0,10,1.000000,0.000000,0.430276,0.005614,0.430276,0.005614,8587.20,70.00,True
56808,B35678/S12356,False,1.545619,0.001612,0,10,0.994961,0.007741,0.382639,0.004062,0.386524,0.004869,7650.90,69.60,True
56914,B146/S012356,False,1.868093,0.001320,0,10,1.000000,0.000000,0.458621,0.002372,0.458621,0.002372,9119.70,70.00,True
57025,B067/S012356,False,1.475708,0.059221,0,10,0.042200,0.020531,0.000463,0.000279,0.204440,0.100966,7.10,2.60,False
57081,B034567/S012356,False,1.356812,0.001773,0,10,0.951355,0.010451,0.312636,0.008745,0.345232,0.010678,6276.10,66.70,True
57218,B178/S012356,False,1.408530,0.125385,0,10,0.037331,0.015398,0.000411,0.000222,0.203351,0.071464,6.30,2.30,False
57293,B023678/S012356,False,1.555954,0.001234,0,10,0.996754,0.006844,0.409315,0.006485,0.411950,0.003951,8170.30,69.80,True
57374,B1234/S456,False,1.078406,0.034138,0,10,0.547268,0.081639,0.043630,0.011920,0.142056,0.025989,772.80,37.20,True
57397,B0245/S456,False,1.198216,0.008270,0,10,0.649642,0.233295,0.094851,0.034258,0.184014,0.072440,1772.20,44.00,True
57528,B3457/S456,False,1.333166,0.003612,0,10,0.853387,0.300796,0.280137,0.098576,0.311700,0.110282,5606.70,59.70,True
57626,B1348/S456,False,1.262056,0.004552,0,10,0.859051,0.033829,0.234365,0.020647,0.316727,0.020037,4713.90,60.30,True
57670,B1268/S456,False,1.281095,0.002420,0,10,0.922869,0.023822,0.311863,0.008858,0.366176,0.017461,6235.70,64.60,True
57697,B0568/S456,False,0.919454,0.009240,0,10,0.830407,0.036423,0.207682,0.012881,0.300836,0.018808,4187.50,58.30,True
57749,B02478/S456,False,1.621167,0.007635,0,10,0.984773,0.012058,0.388016,0.007202,0.400128,0.008892,7754.00,68.70,True
57849,B0345678/S456,False,1.001693,0.004104,0,10,0.846224,0.022268,0.223862,0.014109,0.311607,0.011909,4520.90,59.50,True
57922,B16/S0456,False,1.330044,0.003228,0,10,0.937833,0.020345,0.254433,0.009157,0.289097,0.009031,5086.40,65.40,True
57955,B0156/S0456,False,1.118654,0.004625,0,10,0.818188,0.288002,0.273031,0.096050,0.330067,0.116381,5507.30,57.20,True
58193,B0468/S0456,False,1.373520,0.010713,0,10,0.942922,0.017561,0.313584,0.005071,0.352646,0.012186,6267.40,66.10,True
58230,B124568/S0456,False,1.217699,0.002441,0,10,0.948779,0.015685,0.301993,0.007100,0.335351,0.008364,6050.50,66.10,True
58754,B178/S1456,False,1.290279,0.002065,0,10,0.846390,0.297926,0.244410,0.086146,0.276216,0.097523,4919.60,59.50,True
58766,B12378/S1456,False,1.304714,0.001819,0,10,0.892346,0.022540,0.281586,0.008788,0.353356,0.014914,5645.90,62.10,True
58842,B134678/S1456,False,1.406659,0.002293,0,10,0.961698,0.018606,0.327310,0.008666,0.353888,0.011989,6523.40,67.30,True
58854,B125678/S1456,False,1.212001,0.003421,0,10,0.936460,0.024284,0.307177,0.011879,0.350327,0.017662,6127.40,65.30,True
58909,B0234/S01456,False,1.108767,0.018321,0,10,0.543817,0.044262,0.041205,0.011540,0.136450,0.033964,717.00,36.80,True
59052,B2357/S01456,False,1.618130,0.002286,0,10,0.992620,0.009633,0.378215,0.008753,0.383807,0.006222,7560.00,69.40,True
59332,B2678/S01456,False,1.521978,0.002362,0,10,0.968825,0.008664,0.342738,0.014124,0.364887,0.011636,6876.80,67.80,True
59361,B05678/S01456,False,1.212333,0.174099,0,10,0.197814,0.035621,0.004367,0.001226,0.107946,0.032206,66.60,12.20,True
59384,B345678/S01456,False,0.962258,0.005982,0,10,0.823165,0.033617,0.210884,0.017225,0.310472,0.022925,4239.80,57.80,True
59426,B15/S2456,False,1.530855,0.005439,0,10,0.965266,0.019299,0.346812,0.009752,0.372183,0.010993,6990.50,67.60,True
59474,B146/S2456,False,1.604655,0.003319,0,10,0.994608,0.008799,0.383069,0.008049,0.387203,0.006419,7666.50,69.60,True
59478,B1246/S2456,False,1.586049,0.005048,0,10,0.995854,0.006960,0.367317,0.008898,0.370353,0.007790,7328.10,69.70,True
59658,B138/S2456,False,1.716646,0.003995,0,10,0.962114,0.011250,0.331155,0.013836,0.357641,0.016259,6629.30,67.30,True
59716,B268/S2456,False,1.559262,0.002543,0,10,0.987739,0.006845,0.376913,0.009709,0.386203,0.006422,7526.90,69.20,True
59722,B1368/S2456,False,1.684036,0.007344,0,10,0.990686,0.013528,0.388463,0.006997,0.395902,0.011414,7818.40,69.40,True
59740,B23468/S2456,False,1.491266,0.003330,0,10,0.985149,0.006619,0.349986,0.007535,0.360565,0.008028,6965.00,69.00,True
59825,B04578/S2456,False,1.395558,0.003360,0,10,0.961587,0.012695,0.335641,0.007251,0.362836,0.008173,6707.00,67.40,True
59934,B1234/S02456,False,1.164453,0.025363,0,10,0.464335,0.132045,0.027327,0.012835,0.123070,0.056540,449.40,29.70,True
60036,B27/S02456,False,1.566449,0.001531,0,10,0.984684,0.009616,0.364208,0.011592,0.375459,0.007530,7299.70,69.00,True
60137,B03567/S02456,False,1.437542,0.008322,0,10,0.959301,0.013953,0.329460,0.009673,0.357915,0.011881,6582.50,67.10,True
60258,B1568/S02456,False,1.450484,0.013130,0,10,0.965922,0.014970,0.351552,0.011890,0.376538,0.005542,7026.60,67.50,True
60286,B1234568/S02456,False,1.097794,0.017181,0,10,0.751581,0.034851,0.128738,0.014063,0.227493,0.025265,2527.70,52.10,True
60332,B23578/S02456,False,1.624103,0.003001,0,10,0.990648,0.009350,0.362525,0.005457,0.369421,0.007744,7248.60,69.30,True
60352,B678/S02456,False,1.525812,0.014731,0,10,0.084401,0.053995,0.000482,0.000496,0.044320,0.024474,7.40,5.20,False
60432,B4/S12456,False,1.280558,0.069607,0,10,0.569446,0.071642,0.013074,0.003456,0.039064,0.009682,166.70,34.60,True
60446,B1234/S12456,False,1.152083,0.021749,0,10,0.554729,0.079885,0.038201,0.005749,0.128458,0.038860,622.50,35.70,True
60680,B38/S12456,False,1.608894,0.005683,0,10,0.940996,0.028497,0.314064,0.013508,0.354529,0.012384,6328.60,66.20,True
60752,B468/S12456,False,1.506996,0.006277,0,10,0.927638,0.030031,0.096836,0.012365,0.111791,0.015130,1220.70,61.70,True
60772,B2568/S12456,False,1.386586,0.003362,0,10,0.970820,0.013778,0.349979,0.011802,0.371156,0.009891,7013.00,68.00,True
60861,B0234578/S12456,False,1.366009,0.003678,0,10,0.938650,0.016629,0.288718,0.004455,0.327582,0.010385,5812.10,65.80,True
60998,B126/S012456,False,1.333711,0.002390,0,10,0.934408,0.011109,0.314088,0.009323,0.359560,0.015074,6299.70,65.10,True
61198,B1238/S012456,False,1.291120,0.002098,0,10,0.854598,0.021785,0.245166,0.011891,0.335042,0.015682,4975.70,59.90,True
61261,B02368/S012456,False,1.509869,0.001310,0,10,0.974366,0.013107,0.353401,0.007820,0.372186,0.008009,7084.00,68.10,True
61386,B13678/S012456,False,1.570760,0.005630,0,10,0.975523,0.013985,0.362742,0.008871,0.381113,0.010011,7267.30,68.30,True
61404,B234678/S012456,False,1.334946,0.003057,0,10,0.946617,0.019197,0.296006,0.009873,0.330264,0.013764,5907.90,66.40,True
61412,B25678/S012456,False,1.322649,0.003816,0,10,0.847830,0.298377,0.286876,0.101255,0.323150,0.114290,5744.30,59.40,True
61437,B02345678/S012456,False,1.021854,0.008907,0,10,0.678138,0.238886,0.128063,0.045830,0.224337,0.079273,2553.70,47.10,True
61452,B23/S3456,False,1.056839,0.038369,0,10,0.029979,0.019453,0.000368,0.000282,0.320535,0.260031,5.50,1.80,False
61506,B16/S3456,False,1.381421,0.004144,0,10,0.270243,0.109446,0.009277,0.004882,0.135288,0.066267,141.80,16.80,True
61620,B2457/S3456,False,1.406600,0.002017,0,10,0.970965,0.014121,0.323680,0.006407,0.343358,0.010931,6471.60,67.80,True
61717,B0248/S3456,False,1.264325,0.124343,0,10,0.095381,0.045746,0.001389,0.000655,0.156684,0.074537,21.40,5.90,False
61721,B0348/S3456,False,1.116862,0.026780,0,10,0.087647,0.043417,0.001335,0.000738,0.166236,0.102468,20.80,5.40,False
61736,B358/S3456,False,1.380790,0.089780,0,10,0.654515,0.053413,0.062662,0.010188,0.145235,0.018685,1093.20,43.80,True
61986,B15/S03456,False,1.483098,0.032851,0,10,0.174434,0.059237,0.004023,0.001787,0.130319,0.054392,61.70,10.70,True
62192,B4567/S03456,False,0.862830,0.033403,0,10,0.708059,0.251010,0.175685,0.063031,0.283121,0.101118,3578.90,49.50,True
62198,B124567/S03456,False,1.150287,0.009538,0,10,0.716082,0.377992,0.201989,0.106989,0.251972,0.133784,4035.70,49.90,True
62212,B28/S03456,False,1.260290,0.038340,0,10,0.106361,0.055823,0.001662,0.001071,0.202907,0.283545,26.20,6.60,True
62578,B1456/S13456,False,1.065161,0.004854,0,10,0.889186,0.028120,0.255730,0.012772,0.323305,0.018639,5160.30,62.20,True
62589,B023456/S13456,False,1.000753,0.013580,0,10,0.705433,0.251004,0.132736,0.047901,0.215755,0.077475,2651.50,48.70,True
62710,B124567/S13456,False,1.141846,0.010177,0,10,0.783994,0.276084,0.224276,0.079285,0.295089,0.104444,4527.80,54.90,True
62756,B258/S13456,False,1.409846,0.138797,0,10,0.659278,0.055757,0.059870,0.010931,0.137538,0.024407,1080.50,44.40,True
62830,B123568/S13456,False,1.251830,0.002152,0,10,0.940885,0.024455,0.288589,0.008050,0.326141,0.015989,5801.70,65.70,True
62888,B3578/S13456,False,1.483431,0.002226,0,10,0.964986,0.013698,0.326437,0.005417,0.350467,0.007469,6546.40,67.60,True
62889,B03578/S13456,False,1.497671,0.001738,0,10,0.960669,0.016414,0.323755,0.007085,0.350682,0.007648,6473.60,67.40,True
63014,B125/S013456,False,1.465522,0.020163,0,10,0.128224,0.034600,0.002582,0.000918,0.143385,0.049185,39.60,7.90,True
63043,B016/S013456,False,1.382121,0.006131,0,10,0.227995,0.093483,0.006428,0.003645,0.109644,0.023869,99.30,14.00,True
63110,B127/S013456,False,1.292731,0.048845,0,10,0.197344,0.066608,0.003753,0.001875,0.099135,0.048429,57.70,12.30,True
63210,B13567/S013456,False,1.303068,0.011074,0,10,0.915631,0.029372,0.285908,0.008069,0.341092,0.014609,5759.10,63.80,True
63229,B0234567/S013456,False,1.005610,0.017046,0,10,0.734569,0.041034,0.142597,0.019430,0.261559,0.014215,2921.80,51.60,True
63296,B68/S013456,False,1.385654,0.000595,0,10,0.077908,0.052899,0.001017,0.000894,0.119603,0.086107,15.60,4.80,False
63374,B12378/S013456,False,1.081623,0.017480,0,10,0.535560,0.052000,0.041426,0.011755,0.145861,0.045857,752.10,37.60,True
63422,B1234578/S013456,False,1.084033,0.005501,0,10,0.786867,0.033814,0.187259,0.013586,0.301457,0.017920,3769.10,55.10,True
63517,B0234/S23456,False,1.171929,0.081993,0,10,0.058431,0.020531,0.000616,0.000397,0.143624,0.071747,9.50,3.60,False
63662,B12357/S23456,False,1.369799,0.001502,0,10,0.940165,0.021113,0.289201,0.008005,0.327109,0.011142,5797.20,65.80,True
63664,B457/S23456,False,1.172120,0.005173,0,10,0.797737,0.281114,0.224624,0.079913,0.285621,0.101905,4546.90,55.90,True
63812,B268/S23456,False,1.380192,0.002396,0,10,0.300034,0.077216,0.010395,0.004155,0.111208,0.031968,163.00,18.60,True
63836,B23468/S23456,False,1.219803,0.005719,0,10,0.908949,0.031630,0.272017,0.013515,0.328909,0.011952,5451.40,63.90,True
63837,B023468/S23456,False,1.259672,0.002452,0,10,0.938733,0.019429,0.283611,0.007082,0.321823,0.012758,5686.00,65.60,True
63920,B4578/S23456,False,1.159168,0.006644,0,10,0.881993,0.023310,0.250923,0.010947,0.322176,0.015117,5028.50,61.80,True
63926,B124578/S23456,False,1.323256,0.002087,0,10,0.938123,0.018444,0.291001,0.010409,0.330313,0.007189,5801.40,65.80,True
64174,B12357/S023456,False,1.378165,0.017031,0,10,0.941441,0.022592,0.288003,0.010197,0.324794,0.010671,5797.40,65.90,True
64198,B1267/S023456,False,1.384009,0.002140,0,10,0.257899,0.106607,0.007925,0.004534,0.090686,0.038689,119.60,15.90,True
64218,B13467/S023456,False,1.296006,0.004420,0,10,0.939189,0.012841,0.292003,0.005145,0.330870,0.009797,5845.90,65.60,True
64252,B234567/S023456,False,0.688578,0.018029,0,10,0.154564,0.325890,0.033530,0.071113,0.056087,0.119409,692.40,10.80,True
64265,B038/S023456,False,1.365303,0.161207,0,10,0.014608,0.011976,0.000176,0.000157,0.481333,0.368517,2.70,0.90,False
64284,B2348/S023456,False,1.156096,0.043872,0,10,0.072276,0.036409,0.000903,0.000448,0.129352,0.070077,13.90,4.50,False
64286,B12348/S023456,False,1.151291,0.063442,0,10,0.081620,0.028228,0.001154,0.000557,0.148824,0.046064,18.00,5.10,False
64296,B358/S023456,False,1.567270,0.108647,0,10,0.195630,0.027091,0.004531,0.001307,0.116342,0.049126,69.20,12.10,True
64518,B12/S123456,False,0.693147,0.000000,0,10,0.008115,0.008554,0.000117,0.000080,0.644444,0.387741,1.80,0.50,False
64565,B0245/S123456,False,1.214397,0.035986,0,10,0.106163,0.054387,0.001728,0.001149,0.111226,0.051010,26.50,6.50,True
64648,B37/S123456,False,1.354685,0.178070,0,10,0.067044,0.063640,0.000728,0.000704,0.302004,0.302849,11.40,4.20,False
64680,B357/S123456,False,1.424253,0.002103,0,10,0.947641,0.019570,0.304168,0.008057,0.338595,0.010036,6088.80,66.30,True
64814,B12358/S123456,False,1.422953,0.115146,0,10,0.146841,0.033796,0.002651,0.001049,0.114001,0.038052,40.50,9.00,True
64832,B68/S123456,False,1.382065,0.008091,0,10,0.048305,0.040959,0.000638,0.000638,0.399442,0.416040,9.60,3.00,False
64980,B24678/S123456,False,1.366964,0.012210,0,10,0.914845,0.025002,0.282582,0.010007,0.337377,0.011866,5668.40,64.10,True
65022,B12345678/S123456,False,0.875838,0.089122,0,10,0.124758,0.263022,0.016145,0.034038,0.041216,0.086917,296.50,8.10,True
65330,B1458/S0123456,False,1.156315,0.023579,0,10,0.257865,0.044393,0.007506,0.002344,0.117726,0.060579,114.50,15.90,True
65497,B034678/S0123456,False,1.202858,0.002394,0,10,0.906604,0.024970,0.268777,0.011039,0.326720,0.012446,5367.20,63.50,True
65713,B0457/S7,False,1.069630,0.004476,0,10,0.688811,0.243385,0.130231,0.046334,0.221917,0.079970,2654.10,48.00,True
65741,B02367/S7,False,1.213070,0.001997,0,10,0.877931,0.021131,0.250856,0.007705,0.325243,0.017314,5064.90,61.20,True
66330,B1348/S07,False,1.359694,0.001369,0,10,0.905048,0.022661,0.283146,0.011379,0.345181,0.008702,5684.30,63.30,True
66492,B234578/S07,False,0.913878,0.044031,0,10,0.275525,0.068805,0.008487,0.003726,0.100833,0.024511,134.50,17.10,True
66541,B0235678/S07,False,1.298333,0.002890,0,10,0.879018,0.022746,0.260088,0.008906,0.336042,0.009264,5212.20,61.60,True
66633,B036/S17,False,1.586664,0.001150,0,10,0.986957,0.012085,0.327219,0.008846,0.335919,0.009326,6532.40,69.00,True
66713,B0347/S17,False,1.327264,0.002164,0,10,0.925670,0.020280,0.293503,0.006322,0.342477,0.014822,5854.90,64.90,True
66741,B02457/S17,False,1.607063,0.002356,0,10,0.974516,0.016655,0.358761,0.010411,0.377779,0.012471,7170.60,67.90,True
66906,B13468/S17,False,1.498647,0.002716,0,10,0.960389,0.015925,0.342199,0.009032,0.370829,0.007610,6851.70,67.20,True
66922,B13568/S17,False,1.729545,0.001468,0,10,0.998377,0.005133,0.409263,0.006042,0.410576,0.004505,8125.40,69.90,True
67216,B47/S017,False,0.931096,0.122955,0,10,0.025969,0.019052,0.000196,0.000141,0.155652,0.093317,3.00,1.60,False
67370,B1358/S017,False,1.742555,0.001247,0,10,0.998377,0.005133,0.401099,0.007575,0.402386,0.006527,8001.80,69.90,True
67390,B123458/S017,False,1.061777,0.099583,0,10,0.369142,0.090425,0.016630,0.007460,0.116705,0.028877,284.90,23.90,True
67436,B23568/S017,False,1.436370,0.002684,0,10,0.943045,0.008075,0.324253,0.008367,0.364370,0.011250,6478.00,65.70,True
67541,B024678/S017,False,1.764615,0.001546,0,10,0.996585,0.007211,0.404407,0.006951,0.407150,0.004356,8119.00,69.70,True
67557,B025678/S017,False,1.506195,0.002341,0,10,0.968126,0.021925,0.335166,0.010355,0.357510,0.007618,6723.70,67.70,True
67636,B245/S27,False,1.615955,0.001646,0,10,0.986321,0.009390,0.392370,0.006253,0.403386,0.011680,7832.90,69.10,True
67878,B1258/S27,False,1.393541,0.002079,0,10,0.964749,0.016424,0.337708,0.004866,0.362891,0.012549,6747.20,67.70,True
67942,B12568/S27,False,1.366141,0.001227,0,10,0.960451,0.017259,0.336764,0.006969,0.365004,0.008492,6747.60,67.10,True
68236,B237/S027,False,1.279116,0.001472,0,10,0.923728,0.022805,0.303082,0.014982,0.354861,0.014208,6048.60,64.70,True
68306,B1467/S027,False,1.753666,0.000835,0,10,1.000000,0.000000,0.396344,0.003588,0.396344,0.003588,7916.50,70.00,True
68380,B2348/S027,False,1.187288,0.005236,0,10,0.863674,0.027198,0.256025,0.011235,0.342557,0.009271,5164.80,60.70,True
68397,B02358/S027,False,1.567978,0.002292,0,10,0.988361,0.006757,0.382869,0.004664,0.391902,0.005195,7660.90,69.20,True
68638,B1234/S127,False,1.055070,0.006421,0,10,0.831005,0.033535,0.218362,0.010608,0.315755,0.013565,4412.50,57.60,True
68722,B1456/S127,False,1.301742,0.001694,0,10,0.898361,0.016561,0.291490,0.010266,0.360796,0.015160,5835.80,62.80,True
68800,B67/S127,False,0.693147,0.000000,0,10,0.014608,0.016140,0.000098,0.000128,0.074222,0.093745,1.50,0.90,False
68828,B23467/S127,False,1.274845,0.003936,0,10,0.892414,0.019491,0.286840,0.011701,0.359692,0.013902,5763.90,62.30,True
68880,B48/S127,False,1.179379,0.071237,0,10,0.051176,0.023022,0.000417,0.000198,0.115856,0.087387,6.40,3.20,False
68924,B23458/S127,False,1.363557,0.020429,0,10,0.407829,0.169601,0.024595,0.013251,0.117537,0.053172,417.00,26.80,True
69074,B14678/S127,False,1.600459,0.001030,0,10,0.995131,0.007840,0.376335,0.006325,0.380075,0.009444,7532.40,69.70,True
69214,B12346/S0127,False,1.204340,0.006880,0,10,0.844560,0.042991,0.234859,0.019335,0.328392,0.014541,4716.80,59.00,True
69274,B1347/S0127,False,1.475623,0.001930,0,10,0.870462,0.306119,0.318241,0.111903,0.340181,0.119906,6367.20,61.00,True
69334,B12467/S0127,False,1.575016,0.000996,0,10,0.994516,0.007655,0.400713,0.006926,0.405159,0.008201,8037.70,69.60,True
69356,B23567/S0127,False,1.422662,0.001759,0,10,0.956829,0.022217,0.350058,0.010027,0.382265,0.009867,7027.30,67.00,True
69398,B1248/S0127,False,1.470537,0.001998,0,10,0.979908,0.016744,0.366304,0.010225,0.381401,0.007847,7327.70,68.70,True
69421,B02358/S0127,False,1.526810,0.001904,0,10,0.972540,0.010317,0.373441,0.008570,0.394690,0.008289,7509.10,68.20,True
69549,B023578/S0127,False,1.533484,0.000932,0,10,0.983813,0.016599,0.380740,0.010691,0.393283,0.005979,7636.00,68.80,True
69596,B234678/S0127,False,1.266158,0.003240,0,10,0.893655,0.019350,0.283415,0.010382,0.354337,0.010029,5691.40,62.60,True
69670,B125/S37,False,1.596117,0.001637,0,10,0.991368,0.008107,0.376664,0.003120,0.383267,0.006701,7554.10,69.30,True
69760,B7/S37,False,1.386294,0.000000,3,10,0.000000,0.000000,0.000000,0.000000,0.000000,0.000000,0.00,0.00,False
69822,B123457/S37,False,1.156872,0.012450,0,10,0.780065,0.033939,0.193216,0.009384,0.317181,0.022689,3905.90,54.60,True
69998,B123568/S37,False,1.540854,0.003020,0,10,0.974418,0.009350,0.377667,0.005367,0.397656,0.007338,7555.80,68.30,True
70033,B0478/S37,False,1.351301,0.011058,0,10,0.927302,0.027626,0.244470,0.008216,0.284265,0.011367,4915.70,65.10,True
70134,B1245678/S37,False,1.517048,0.001773,0,10,0.945626,0.021042,0.346917,0.007600,0.387886,0.012126,7002.40,66.20,True
70146,B1/S037,False,1.471802,0.001195,0,10,0.954324,0.016728,0.277128,0.006570,0.304156,0.005244,5583.80,66.60,True
70266,B13456/S037,False,1.378202,0.003022,0,10,0.918340,0.023978,0.305112,0.009495,0.361686,0.014178,6134.50,64.00,True
70352,B467/S037,False,1.386296,0.000005,0,10,0.043823,0.027640,0.000143,0.000133,0.037457,0.030182,2.20,2.70,False
70464,B68/S037,False,1.386294,0.000000,0,10,0.012985,0.012803,0.000052,0.000060,0.060444,0.056615,0.80,0.80,False
70538,B1378/S037,False,1.742295,0.001617,0,10,1.000000,0.000000,0.424942,0.005002,0.424942,0.005002,8461.90,70.00,True
70569,B03578/S037,False,1.789423,0.001546,0,10,1.000000,0.000000,0.433034,0.003167,0.433034,0.003167,8607.40,70.00,True
70689,B05/S137,False,1.308503,0.017240,0,10,0.779868,0.043574,0.129253,0.014719,0.211405,0.013066,2571.70,54.50,True
70709,B0245/S137,False,1.807734,0.001785,0,10,1.000000,0.000000,0.440163,0.007365,0.440163,0.007365,8773.20,70.00,True
70722,B16/S137,False,1.464939,0.002114,0,10,0.970218,0.011990,0.307625,0.007293,0.326667,0.006724,6180.80,68.10,True
70794,B137/S137,False,1.744943,0.001545,0,10,1.000000,0.000000,0.433544,0.003484,0.433544,0.003484,8613.40,70.00,True
70889,B03567/S137,False,1.790585,0.001036,0,10,1.000000,0.000000,0.452304,0.005468,0.452304,0.005468,9021.20,70.00,True
70968,B3458/S137,False,1.412833,0.001424,0,10,0.939442,0.018158,0.339250,0.010583,0.384135,0.011400,6801.10,65.90,True
70980,B268/S137,False,1.751280,0.001654,0,10,1.000000,0.000000,0.390673,0.004399,0.390673,0.004399,7784.80,70.00,True
71049,B0378/S137,False,1.707122,0.001115,0,10,0.998377,0.005133,0.408231,0.003775,0.409559,0.003906,8171.20,69.90,True
71142,B125678/S137,False,1.626081,0.002374,0,10,0.998377,0.005133,0.405534,0.008808,0.406830,0.007587,8094.00,69.90,True
71198,B1234/S0137,False,1.280653,0.002206,0,10,0.912598,0.020566,0.296626,0.008773,0.356012,0.014804,6014.20,63.80,True
71245,B0236/S0137,False,1.596900,0.001362,0,10,0.999916,0.000266,0.411303,0.006831,0.411370,0.006664,8207.90,69.90,True
71254,B1246/S0137,False,1.877977,0.002664,0,10,1.000000,0.000000,0.455793,0.005832,0.455793,0.005832,9083.10,70.00,True
71350,B12457/S0137,False,1.725797,0.002696,0,10,0.998377,0.005133,0.430747,0.006551,0.432122,0.004520,8583.50,69.90,True
71444,B248/S0137,False,1.918237,0.001755,0,10,1.000000,0.000000,0.445043,0.004702,0.445043,0.004702,8899.70,70.00,True
71478,B12458/S0137,False,1.694248,0.002044,0,10,0.995131,0.007840,0.413461,0.007472,0.417548,0.009755,8284.90,69.70,True
71532,B23568/S0137,False,1.665242,0.000944,0,10,0.999477,0.001655,0.424491,0.005791,0.424938,0.005560,8464.70,69.90,True
71542,B124568/S0137,False,1.630685,0.000987,0,10,0.976627,0.011950,0.385223,0.006367,0.403891,0.010787,7698.70,68.20,True
71553,B078/S0137,False,1.390246,0.002685,0,10,0.045446,0.021369,0.000404,0.000228,0.151901,0.073981,6.20,2.80,False
71746,B16/S237,False,1.286337,0.006636,0,10,0.842319,0.042590,0.189947,0.011750,0.268160,0.024416,3834.30,59.20,True
71752,B36/S237,False,1.463367,0.005867,0,10,0.816527,0.288099,0.143137,0.051239,0.173681,0.061810,2660.80,56.80,True
71914,B13567/S237,False,1.652009,0.002873,0,10,0.997279,0.008603,0.420292,0.005984,0.422605,0.005950,8386.80,69.80,True
71948,B238/S237,False,1.174014,0.002529,0,10,0.751000,0.395955,0.258296,0.136340,0.292861,0.154619,5181.70,52.80,True
72032,B568/S237,False,1.334891,0.000573,0,10,0.042200,0.020531,0.000319,0.000132,0.189471,0.144398,4.90,2.60,False
72042,B13568/S237,False,1.717220,0.001222,0,10,1.000000,0.000000,0.435839,0.006636,0.435839,0.006636,8680.90,70.00,True
72164,B25678/S237,False,1.492976,0.001399,0,10,0.981515,0.007095,0.378780,0.006337,0.393070,0.003767,7579.40,68.70,True
72216,B34/S0237,False,1.338344,0.002424,0,10,0.951842,0.021824,0.334127,0.009287,0.368912,0.016891,6735.30,66.70,True
72244,B245/S0237,False,1.636159,0.001266,0,10,0.997688,0.005113,0.413440,0.004919,0.415364,0.005137,8199.80,69.70,True
72353,B057/S0237,False,1.306702,0.053506,0,10,0.222363,0.045517,0.005625,0.001932,0.107761,0.033515,87.30,13.70,True
72378,B13457/S0237,False,1.459030,0.002410,0,10,0.963818,0.024581,0.351816,0.007605,0.378903,0.014030,7049.90,67.40,True
72514,B168/S0237,False,1.337474,0.004656,0,10,0.861431,0.043416,0.197055,0.012000,0.265559,0.014336,3970.30,59.60,True
72538,B13468/S0237,False,1.653405,0.000938,0,10,0.999831,0.000535,0.420134,0.007127,0.420276,0.006998,8403.30,69.90,True
72552,B3568/S0237,False,1.643596,0.001591,0,10,0.995795,0.008161,0.405543,0.007886,0.408929,0.003693,8079.10,69.60,True
72620,B23578/S0237,False,1.565423,0.001527,0,10,1.000000,0.000000,0.418225,0.004860,0.418225,0.004860,8365.40,70.00,True
72673,B05678/S0237,False,1.314283,0.024648,0,10,0.194674,0.035708,0.004719,0.001012,0.122627,0.040975,71.80,11.90,True
72709,B02/S1237,False,1.317272,0.094826,0,10,0.152570,0.047905,0.003106,0.001713,0.125207,0.054183,47.50,9.40,True
72718,B123/S1237,False,1.094481,0.003610,0,10,0.904914,0.030211,0.270157,0.010662,0.329906,0.017625,5485.40,63.60,True
72744,B35/S1237,False,1.596885,0.002128,0,10,0.893508,0.314050,0.339879,0.119509,0.344853,0.121385,6779.20,62.60,True
72780,B236/S1237,False,1.348111,0.001096,0,10,0.975687,0.009787,0.366411,0.008288,0.384791,0.008444,7358.90,68.40,True
73077,B024568/S1237,False,1.531871,0.002651,0,10,0.957461,0.013129,0.352966,0.012950,0.384885,0.015241,7099.30,67.20,True
73097,B0378/S1237,False,1.375872,0.005112,0,10,0.856425,0.301150,0.277320,0.097648,0.306032,0.107655,5565.30,60.00,True
73118,B123478/S1237,False,1.121610,0.003996,0,10,0.889418,0.022664,0.270401,0.006441,0.341757,0.017497,5410.40,61.90,True
73122,B1578/S1237,False,1.269007,0.007803,0,10,0.817784,0.041718,0.189152,0.021234,0.281634,0.022111,3787.70,57.10,True
73154,B1678/S1237,False,1.130211,0.054089,0,10,0.070363,0.049681,0.000842,0.000592,0.154674,0.117908,12.80,4.20,False
73256,B35/S01237,False,1.592008,0.002468,0,10,0.983490,0.009312,0.381681,0.004540,0.394605,0.008724,7663.10,68.90,True
73381,B0257/S01237,False,1.577431,0.001623,0,10,0.998208,0.005101,0.402172,0.007809,0.403596,0.006496,8047.50,69.80,True
73450,B13567/S01237,False,1.567164,0.001389,0,10,0.988641,0.012872,0.396192,0.005831,0.405412,0.009672,7912.10,69.20,True
73458,B14567/S01237,False,1.295462,0.001226,0,10,0.871551,0.027139,0.275907,0.011168,0.362704,0.013209,5531.00,61.10,True
73598,B1234568/S01237,False,1.114277,0.069531,0,10,0.372392,0.259742,0.037640,0.026342,0.132833,0.093908,731.30,25.40,True
73652,B24578/S01237,False,1.606265,0.001591,0,10,0.990261,0.008382,0.403737,0.009296,0.411670,0.009165,8086.90,69.40,True
73677,B023678/S01237,False,1.296844,0.001944,0,10,0.957358,0.017588,0.349516,0.008933,0.381216,0.009620,7030.50,67.10,True
73874,B147/S47,False,1.562771,0.002045,0,10,0.998632,0.003770,0.342778,0.007530,0.343739,0.008372,6805.40,69.80,True
73940,B2467/S47,False,1.845842,0.001337,0,10,1.000000,0.000000,0.446757,0.002921,0.446757,0.002921,8931.70,70.00,True
74137,B03478/S47,False,1.460194,0.002639,0,10,0.979545,0.012144,0.375482,0.007544,0.391291,0.009053,7523.20,68.50,True
74212,B25678/S47,False,1.580677,0.002027,0,10,0.995131,0.007840,0.333623,0.006255,0.336866,0.004961,6657.70,69.70,True
74422,B12457/S047,False,1.694049,0.001371,0,10,1.000000,0.000000,0.442811,0.002624,0.442811,0.002624,8832.50,70.00,True
74468,B2567/S047,False,1.641694,0.001107,0,10,0.997178,0.006033,0.353683,0.008308,0.355669,0.007414,7069.60,69.80,True
74512,B48/S047,False,0.001271,0.001913,0,10,0.050316,0.014212,0.000196,0.000123,0.054632,0.027024,3.00,3.10,False
74566,B1268/S047,False,1.476982,0.001243,0,10,0.969223,0.017732,0.351429,0.007799,0.374130,0.012054,7040.30,67.90,True
74701,B023678/S047,False,1.619066,0.001554,0,10,0.995131,0.007840,0.401408,0.009240,0.405341,0.009570,8029.20,69.70,True
74710,B124678/S047,False,1.815070,0.000916,0,10,1.000000,0.000000,0.462772,0.004451,0.462772,0.004451,9208.10,70.00,True
74742,B1245678/S047,False,1.487313,0.001566,0,10,0.974500,0.013004,0.367446,0.008369,0.386979,0.012903,7354.10,68.00,True
74880,B7/S147,False,0.733694,0.128219,0,10,0.021100,0.018820,0.000091,0.000088,0.052082,0.053480,1.40,1.30,False
74972,B23467/S147,False,1.622852,0.001243,0,10,0.995141,0.006897,0.414234,0.005819,0.418301,0.006287,8310.60,69.60,True
74986,B13567/S147,False,1.903197,0.001504,0,10,1.000000,0.000000,0.469233,0.003676,0.469233,0.003676,9351.60,70.00,True
74997,B024567/S147,False,1.574922,0.001802,0,10,0.993508,0.008382,0.396857,0.009461,0.402000,0.007344,7930.50,69.60,True
75117,B023568/S147,False,1.838118,0.001455,0,10,1.000000,0.000000,0.452031,0.005479,0.452031,0.005479,9027.80,70.00,True
75184,B4578/S147,False,0.715911,0.071941,0,10,0.086024,0.017194,0.000417,0.000192,0.051199,0.031262,6.40,5.30,False
75380,B2456/S0147,False,1.661217,0.000698,0,10,0.993508,0.008382,0.424174,0.007192,0.429731,0.008200,8438.10,69.60,True
75434,B1357/S0147,False,1.997473,0.001094,0,10,1.000000,0.000000,0.478451,0.003616,0.478451,0.003616,9480.40,70.00,True
75616,B568/S0147,False,0.637104,0.401022,0,10,0.040577,0.017531,0.000280,0.000187,0.120417,0.069638,4.30,2.50,False
75694,B123578/S0147,False,1.821852,0.001164,0,10,1.000000,0.000000,0.450195,0.003862,0.450195,0.003862,9011.90,70.00,True
75800,B34/S247,False,1.664669,0.001781,0,10,1.000000,0.000000,0.426478,0.006284,0.426478,0.006284,8536.40,70.00,True
75913,B037/S247,False,1.858769,0.001523,0,10,1.000000,0.000000,0.426494,0.004954,0.426494,0.004954,8490.00,70.00,True
76068,B258/S247,False,1.840938,0.001206,0,10,1.000000,0.000000,0.448091,0.002733,0.448091,0.002733,8955.90,70.00,True
76161,B078/S247,False,1.540584,0.046574,0,10,0.546734,0.093826,0.033026,0.007718,0.111920,0.029771,526.40,35.00,True
76328,B35/S0247,False,2.006745,0.002940,0,10,1.000000,0.000000,0.336244,0.018508,0.336244,0.018508,6430.80,70.00,True
76569,B0348/S0247,False,1.698658,0.001193,0,10,1.000000,0.000000,0.446107,0.004819,0.446107,0.004819,8894.30,70.00,True
76609,B068/S0247,False,1.603272,0.061034,0,10,0.116192,0.045447,0.001545,0.000764,0.099370,0.031939,22.70,7.00,True
76618,B1368/S0247,False,2.005932,0.001175,0,10,1.000000,0.000000,0.476392,0.001936,0.476392,0.001936,9495.30,70.00,True
76657,B04568/S0247,False,1.614209,0.002568,0,10,0.990582,0.008164,0.387542,0.005155,0.394935,0.006745,7756.00,69.40,True
76696,B3478/S0247,False,1.706622,0.000934,0,10,1.000000,0.000000,0.444628,0.005572,0.444628,0.005572,8854.50,70.00,True
76722,B14578/S0247,False,1.767152,0.000902,0,10,1.000000,0.000000,0.458266,0.003833,0.458266,0.003833,9164.20,70.00,True
76724,B24578/S0247,False,1.835038,0.001809,0,10,1.000000,0.000000,0.474507,0.003216,0.474507,0.003216,9424.60,70.00,True
76742,B12678/S0247,False,1.603106,0.001162,0,10,0.998377,0.005133,0.409781,0.006957,0.411113,0.006926,8195.80,69.90,True
76770,B15678/S0247,False,1.681994,0.001092,0,10,0.994608,0.010821,0.368725,0.006586,0.372749,0.006791,7353.50,69.60,True
77078,B1248/S1247,False,1.756917,0.001970,0,10,1.000000,0.000000,0.460348,0.004471,0.460348,0.004471,9213.30,70.00,True
77108,B2458/S1247,False,1.788541,0.001473,0,10,1.000000,0.000000,0.465260,0.003977,0.465260,0.003977,9249.50,70.00,True
77169,B04568/S1247,False,1.594194,0.002383,0,10,0.985995,0.010283,0.394253,0.003921,0.405535,0.007055,7915.80,69.00,True
77221,B02578/S1247,False,1.846239,0.001892,0,10,1.000000,0.000000,0.461702,0.004761,0.461702,0.004761,9210.00,70.00,True
77296,B45678/S1247,False,1.483210,0.018103,0,10,0.741349,0.072520,0.024506,0.006231,0.043936,0.012079,308.50,45.90,True
77317,B02/S01247,False,1.437414,0.017682,0,10,0.637458,0.063331,0.054527,0.008112,0.134062,0.020690,878.70,40.60,True
77566,B1234567/S01247,False,1.418010,0.001365,0,10,0.927665,0.011938,0.296042,0.006888,0.343687,0.008668,5993.10,64.80,True
77829,B02/S347,False,1.538400,0.002491,0,10,0.952006,0.011467,0.325259,0.012454,0.358524,0.009615,6515.20,66.70,True
77833,B03/S347,False,1.506772,0.002379,0,10,0.989662,0.007659,0.380863,0.006319,0.388897,0.010194,7606.10,69.30,True
77842,B14/S347,False,1.594428,0.001462,0,10,0.998377,0.005133,0.407706,0.008435,0.409024,0.008064,8145.10,69.90,True
77900,B236/S347,False,1.532440,0.001129,0,10,0.990477,0.008222,0.408725,0.006078,0.416631,0.008976,8139.20,69.40,True
78198,B124568/S347,False,1.577412,0.001436,0,10,0.989646,0.010921,0.388237,0.004887,0.396492,0.010876,7760.60,69.30,True
78272,B678/S347,False,1.403080,0.053084,0,10,0.000000,0.000000,0.000000,0.000000,0.000000,0.000000,0.00,0.00,False
78325,B0245678/S347,False,1.456888,0.001507,0,10,0.868088,0.305737,0.306285,0.107780,0.329392,0.116632,6126.40,60.90,True
78378,B135/S0347,False,1.835933,0.001040,0,10,1.000000,0.000000,0.470838,0.004428,0.470838,0.004428,9377.60,70.00,True
78598,B128/S0347,False,1.357472,0.002258,0,10,0.933977,0.013946,0.303502,0.006648,0.347785,0.012137,6080.00,65.20,True
78690,B1568/S0347,False,1.475505,0.001568,0,10,0.967944,0.012994,0.327336,0.007916,0.349300,0.010247,6560.20,67.80,True
78712,B34568/S0347,False,1.339187,0.001397,0,10,0.847148,0.297798,0.296561,0.104580,0.334391,0.117759,5945.70,59.30,True
78801,B04678/S0347,False,1.491074,0.009497,0,10,0.977837,0.013594,0.337554,0.009407,0.352908,0.006486,6713.30,68.40,True
78900,B245/S1347,False,1.680075,0.001152,0,10,1.000000,0.000000,0.436543,0.008083,0.436543,0.008083,8744.30,70.00,True
78965,B02456/S1347,False,1.626363,0.001312,0,10,0.991993,0.008446,0.401722,0.004464,0.408251,0.007746,7992.00,69.50,True
79034,B13457/S1347,False,1.525455,0.001298,0,10,0.993508,0.011349,0.401727,0.007965,0.406993,0.007692,8010.10,69.60,True
79096,B34567/S1347,False,1.299465,0.001113,0,10,0.923150,0.018800,0.299235,0.008921,0.350835,0.009341,5983.00,64.40,True
79262,B123478/S1347,False,1.367557,0.001351,0,10,0.971089,0.012728,0.359494,0.010763,0.381041,0.008545,7242.40,67.90,True
79532,B2357/S01347,False,1.788163,0.001110,0,10,1.000000,0.000000,0.454193,0.003978,0.454193,0.003978,9062.30,70.00,True
79576,B3467/S01347,False,1.566584,0.001752,0,10,0.997762,0.005283,0.425634,0.006879,0.427524,0.004925,8512.20,69.80,True
79622,B128/S01347,False,1.370289,0.001827,0,10,0.948913,0.020144,0.312276,0.008235,0.346814,0.012728,6233.50,66.00,True
79688,B368/S01347,False,1.661945,0.000891,0,10,0.998377,0.005133,0.428002,0.005202,0.429403,0.006089,8584.30,69.90,True
79800,B34578/S01347,False,1.447043,0.002356,0,10,0.983707,0.012562,0.375784,0.008080,0.388265,0.006367,7504.00,68.80,True
80081,B0467/S2347,False,1.540405,0.002682,0,10,0.980928,0.014954,0.389813,0.009676,0.405041,0.006455,7761.30,68.50,True
80118,B124567/S2347,False,1.418675,0.001809,0,10,0.953979,0.012885,0.329567,0.009868,0.362004,0.012332,6592.30,66.70,True
80168,B358/S2347,False,1.705448,0.002732,0,10,1.000000,0.000000,0.434769,0.004441,0.434769,0.004441,8653.10,70.00,True
80181,B02458/S2347,False,1.595303,0.001148,0,10,0.998377,0.005133,0.416808,0.003579,0.418171,0.004546,8314.60,69.90,True
80222,B123468/S2347,False,1.459813,0.003242,0,10,0.772844,0.407692,0.285844,0.150810,0.306332,0.161874,5732.30,54.20,True
80230,B12568/S2347,False,1.520393,0.001054,0,10,0.968309,0.012707,0.370219,0.007734,0.394687,0.005937,7385.70,67.90,True
80240,B4568/S2347,False,1.362297,0.004600,0,10,0.918505,0.023456,0.246350,0.014968,0.292192,0.023812,4692.40,64.20,True
80244,B24568/S2347,False,1.544798,0.001227,0,10,0.882431,0.310368,0.334169,0.117733,0.347597,0.122535,6673.40,61.70,True
80262,B1278/S2347,False,1.198202,0.041049,0,10,0.174627,0.092549,0.003121,0.001644,0.121550,0.069554,47.30,10.90,True
80500,B2456/S02347,False,1.537425,0.002382,0,10,0.974664,0.014249,0.370123,0.011346,0.389605,0.013175,7389.00,68.20,True
80618,B13567/S02347,False,1.639997,0.001812,0,10,0.995131,0.007840,0.403566,0.007822,0.407488,0.006187,8045.80,69.70,True
80658,B148/S02347,False,1.495514,0.002948,0,10,0.975654,0.017531,0.369445,0.009759,0.388034,0.009092,7396.60,68.50,True
80873,B035678/S02347,False,1.605110,0.001188,0,10,0.983769,0.010821,0.390483,0.006502,0.403434,0.008272,7805.80,69.00,True
80881,B045678/S02347,False,1.315853,0.001254,0,10,0.919942,0.020456,0.300982,0.008559,0.355455,0.013185,6032.10,64.20,True
80972,B236/S12347,False,1.433602,0.001397,0,10,0.961743,0.010236,0.371390,0.006659,0.401298,0.004712,7436.80,67.40,True
80985,B0346/S12347,False,1.529561,0.001442,0,10,0.994133,0.007786,0.401606,0.010065,0.406305,0.007858,8026.90,69.60,True
81134,B123567/S12347,False,1.515591,0.002172,0,10,0.978840,0.011592,0.366972,0.005902,0.383003,0.009155,7335.50,68.30,True
81381,B025678/S12347,False,1.432050,0.001604,0,10,0.943994,0.021279,0.328400,0.009319,0.368593,0.016608,6576.70,65.80,True
81574,B1257/S012347,False,1.557976,0.001602,0,10,0.983263,0.015307,0.387449,0.010904,0.400689,0.009527,7797.50,68.90,True
81798,B1278/S012347,False,1.156417,0.076687,0,10,0.064160,0.035245,0.000753,0.000535,0.121097,0.072770,11.60,4.00,False
81941,B024/S57,False,1.794381,0.001358,0,10,1.000000,0.000000,0.407571,0.002852,0.407571,0.002852,8152.90,70.00,True
81985,B06/S57,False,1.007843,0.011965,0,10,0.634944,0.224817,0.105028,0.037746,0.209996,0.074988,2141.90,43.90,True
81990,B126/S57,False,1.311205,0.003683,0,10,0.942306,0.023392,0.302559,0.011158,0.340630,0.013266,6052.90,66.00,True
82094,B12357/S57,False,1.618796,0.001443,0,10,0.981713,0.012623,0.399513,0.008671,0.414399,0.003116,7972.40,68.80,True
82102,B12457/S57,False,1.515712,0.002821,0,10,0.970188,0.017641,0.361740,0.006697,0.384310,0.010523,7244.10,67.90,True
82120,B367/S57,False,1.297744,0.000000,7,10,0.000000,0.000000,0.000000,0.000000,0.000000,0.000000,0.00,0.00,False
82150,B12567/S57,False,1.334519,0.002679,0,10,0.961095,0.015733,0.336929,0.012252,0.364573,0.011191,6756.70,67.20,True
82153,B03567/S57,False,1.559016,0.001869,0,10,0.990887,0.008071,0.327796,0.005867,0.333822,0.005526,6562.40,69.40,True
82405,B025678/S57,False,1.561567,0.001140,0,10,0.981732,0.014264,0.345828,0.009410,0.358776,0.009472,6942.00,68.80,True
82469,B025/S057,False,1.627361,0.001399,0,10,0.993508,0.008382,0.369782,0.004742,0.374598,0.003113,7404.50,69.60,True
82606,B12357/S057,False,1.642645,0.001970,0,10,0.992936,0.009936,0.409349,0.006347,0.415276,0.010728,8169.80,69.50,True
82656,B567/S057,False,0.000000,0.000000,0,10,0.022723,0.017448,0.000091,0.000082,0.057234,0.049145,1.40,1.40,False
82682,B134567/S057,False,1.209319,0.099779,0,10,0.081154,0.043953,0.001151,0.001113,0.117138,0.032168,17.60,5.00,False
82954,B13/S157,False,1.739930,0.001157,0,10,0.999477,0.001655,0.401271,0.005444,0.401697,0.005417,8017.90,69.90,True
83384,B34578/S157,False,1.393432,0.006149,0,10,0.917471,0.018239,0.302842,0.005496,0.359536,0.010979,6102.30,64.00,True
83522,B16/S0157,False,1.333117,0.004593,0,10,0.852545,0.300328,0.244890,0.086223,0.272976,0.096512,4916.30,59.60,True
83785,B0368/S0157,False,1.617257,0.001541,0,10,0.997923,0.004132,0.362087,0.004536,0.363598,0.003725,7246.60,69.70,True
83812,B2568/S0157,False,1.603291,0.001077,0,10,0.996754,0.006844,0.370620,0.007040,0.373012,0.005720,7434.50,69.80,True
83828,B24568/S0157,False,1.429267,0.013920,0,10,0.793597,0.047790,0.153535,0.018339,0.243045,0.023255,3082.10,55.50,True
84030,B12345/S257,False,1.531136,0.001940,0,10,0.960358,0.015563,0.357086,0.007918,0.387066,0.010281,7147.80,67.20,True
84124,B2347/S257,False,1.636513,0.002395,0,10,0.992799,0.009519,0.413152,0.009361,0.419122,0.007432,8260.80,69.50,True
84138,B1357/S257,False,1.992878,0.000959,0,10,1.000000,0.000000,0.481858,0.002368,0.481858,0.002368,9603.20,70.00,True
84298,B1368/S257,False,1.917891,0.001811,0,10,1.000000,0.000000,0.454382,0.003523,0.454382,0.003523,9059.00,70.00,True
84361,B0378/S257,False,1.750393,0.001427,0,10,1.000000,0.000000,0.393868,0.003806,0.393868,0.003806,7830.60,70.00,True
84373,B02478/S257,False,1.924401,0.001362,0,10,1.000000,0.000000,0.470389,0.001937,0.470389,0.001937,9367.30,70.00,True
84378,B13478/S257,False,1.788325,0.001278,0,10,1.000000,0.000000,0.446377,0.005482,0.446377,0.005482,8897.60,70.00,True
84718,B123567/S0257,False,1.717051,0.002225,0,10,1.000000,0.000000,0.446559,0.004722,0.446559,0.004722,8918.10,70.00,True
84986,B1345678/S0257,False,1.560091,0.004484,0,10,0.962239,0.017256,0.336849,0.005803,0.363766,0.009801,6764.60,67.40,True
85025,B05/S1257,False,1.251704,0.036624,0,10,0.174912,0.045916,0.003428,0.001268,0.108532,0.044565,53.30,10.80,True
85258,B138/S1257,False,1.774333,0.001584,0,10,1.000000,0.000000,0.434324,0.005113,0.434324,0.005113,8651.50,70.00,True
85269,B0248/S1257,False,1.878635,0.000992,0,10,1.000000,0.000000,0.466353,0.002809,0.466353,0.002809,9283.50,70.00,True
85464,B34678/S1257,False,1.807803,0.001502,0,10,1.000000,0.000000,0.449434,0.005065,0.449434,0.005065,8948.20,70.00,True
85522,B14/S01257,False,1.672245,0.001511,0,10,1.000000,0.000000,0.405497,0.005190,0.405497,0.005190,8099.80,70.00,True
85634,B17/S01257,False,1.336297,0.135786,0,10,0.132708,0.053937,0.002413,0.001425,0.130193,0.064443,36.80,8.00,True
85742,B123567/S01257,False,1.686744,0.001664,0,10,1.000000,0.000000,0.438563,0.003422,0.438563,0.003422,8782.90,70.00,True
85776,B48/S01257,False,1.243350,0.068474,0,10,0.106755,0.030419,0.001301,0.000432,0.109172,0.038786,20.10,6.60,True
85913,B03478/S01257,False,1.684823,0.001758,0,10,0.998377,0.005133,0.425122,0.007533,0.426488,0.006479,8451.10,69.90,True
86214,B1267/S357,False,1.658341,0.001407,0,10,0.995240,0.007671,0.400711,0.005890,0.404534,0.005022,7995.90,69.70,True
86410,B1378/S357,False,1.843847,0.001911,0,10,1.000000,0.000000,0.453808,0.004172,0.453808,0.004172,9054.20,70.00,True
86825,B0358/S0357,False,1.950299,0.001682,0,10,1.000000,0.000000,0.481949,0.002245,0.481949,0.002245,9589.90,70.00,True
86862,B12368/S0357,False,1.790724,0.002038,0,10,0.998377,0.005133,0.453825,0.007257,0.455269,0.004718,9076.30,69.90,True
86970,B134578/S0357,False,1.857299,0.000847,0,10,1.000000,0.000000,0.457880,0.002270,0.457880,0.002270,9134.90,70.00,True
87201,B057/S1357,False,1.426126,0.006357,0,10,0.827403,0.028457,0.157257,0.017747,0.228646,0.018137,3160.90,57.00,True
87312,B48/S1357,False,1.630844,0.054702,0,10,0.095762,0.031962,0.000509,0.000264,0.050946,0.030333,7.80,5.90,False
87490,B1678/S1357,False,1.539247,0.001408,0,10,0.977087,0.015127,0.321433,0.008503,0.336647,0.008499,6437.00,68.20,True
87493,B02678/S1357,False,1.858448,0.000910,0,10,1.000000,0.000000,0.431803,0.002285,0.431803,0.002285,8579.40,70.00,True
87497,B03678/S1357,False,1.882589,0.001643,0,10,1.000000,0.000000,0.466931,0.003199,0.466931,0.003199,9309.60,70.00,True
87545,B0345678/S1357,False,1.776232,0.001131,0,10,1.000000,0.000000,0.398601,0.003984,0.398601,0.003984,7917.90,70.00,True
87608,B345/S01357,False,1.773218,0.001238,0,10,1.000000,0.000000,0.449540,0.004323,0.449540,0.004323,8989.40,70.00,True
87808,B8/S01357,False,1.445182,0.089014,0,10,0.032462,0.007651,0.000189,0.000089,0.136608,0.119247,2.90,2.00,False
87817,B038/S01357,False,1.794839,0.001576,0,10,1.000000,0.000000,0.441668,0.003893,0.441668,0.003893,8839.20,70.00,True
87937,B078/S01357,False,1.658715,0.040040,0,10,0.060817,0.024473,0.000551,0.000347,0.123809,0.075058,8.40,3.70,False
88196,B27/S2357,False,1.442875,0.003258,0,10,0.939924,0.020864,0.295314,0.011107,0.334515,0.020220,5917.00,65.50,True
88378,B13458/S2357,False,1.778966,0.001651,0,10,1.000000,0.000000,0.440781,0.005513,0.440781,0.005513,8763.40,70.00,True
88454,B1278/S2357,False,1.405012,0.004955,0,10,0.919753,0.022051,0.292336,0.014808,0.345107,0.012093,5905.50,64.40,True
88458,B1378/S2357,False,1.748820,0.001063,0,10,1.000000,0.000000,0.439000,0.003025,0.439000,0.003025,8765.60,70.00,True
88521,B03678/S2357,False,1.789468,0.001319,0,10,1.000000,0.000000,0.460617,0.002731,0.460617,0.002731,9156.40,70.00,True
88540,B234678/S2357,False,1.923579,0.001388,0,10,1.000000,0.000000,0.456520,0.002413,0.456520,0.002413,9086.10,70.00,True
88626,B145/S02357,False,1.811490,0.000567,0,10,1.000000,0.000000,0.461772,0.003364,0.461772,0.003364,9227.50,70.00,True
88814,B123567/S02357,False,1.839645,0.000874,0,10,1.000000,0.000000,0.449518,0.002669,0.449518,0.002669,8958.00,70.00,True
88834,B18/S02357,False,1.356588,0.078792,0,10,0.620380,0.069899,0.053105,0.010868,0.136862,0.020370,893.20,41.30,True
88953,B034568/S02357,False,1.796809,0.001291,0,10,1.000000,0.000000,0.416136,0.004450,0.416136,0.004450,8289.00,70.00,True
89032,B3678/S02357,False,1.786054,0.001655,0,10,1.000000,0.000000,0.456855,0.003250,0.456855,0.003250,9110.00,70.00,True
89162,B136/S12357,False,1.831091,0.002514,0,10,1.000000,0.000000,0.460944,0.003987,0.460944,0.003987,9229.40,70.00,True
89274,B13457/S12357,False,1.819858,0.001038,0,10,1.000000,0.000000,0.439515,0.007073,0.439515,0.007073,8749.20,70.00,True
89289,B0367/S12357,False,1.773463,0.001575,0,10,1.000000,0.000000,0.451860,0.005329,0.451860,0.005329,9046.20,70.00,True
89594,B1345678/S12357,False,1.741437,0.001418,0,10,0.998377,0.005133,0.385494,0.004144,0.386759,0.005185,7684.30,69.90,True
89637,B025/S012357,False,1.745415,0.002200,0,10,1.000000,0.000000,0.448210,0.007180,0.448210,0.007180,8979.90,70.00,True
89694,B12346/S012357,False,1.882505,0.002493,0,10,1.000000,0.000000,0.429953,0.007448,0.429953,0.007448,8575.70,70.00,True
89730,B17/S012357,False,1.314708,0.180971,0,10,0.047070,0.009213,0.000626,0.000236,0.213672,0.079526,9.60,2.90,False
89734,B127/S012357,False,1.421407,0.108946,0,10,0.124978,0.056769,0.002065,0.001506,0.112247,0.028726,31.80,7.70,True
89764,B257/S012357,False,1.793206,0.002457,0,10,1.000000,0.000000,0.457806,0.003754,0.457806,0.003754,9135.30,70.00,True
89816,B3467/S012357,False,1.946319,0.001160,0,10,1.000000,0.000000,0.464464,0.005328,0.464464,0.005328,9218.10,70.00,True
89905,B0458/S012357,False,1.767791,0.001636,0,10,1.000000,0.000000,0.443342,0.005851,0.443342,0.005851,8839.20,70.00,True
90022,B12578/S012357,False,1.776577,0.001457,0,10,1.000000,0.000000,0.457642,0.003498,0.457642,0.003498,9097.10,70.00,True
90024,B3578/S012357,False,1.957434,0.000690,0,10,1.000000,0.000000,0.489309,0.001283,0.489309,0.001283,9726.50,70.00,True
90049,B0678/S012357,False,1.393752,0.114093,0,10,0.030839,0.019432,0.000378,0.000324,0.273877,0.138426,5.80,1.90,False
90056,B3678/S012357,False,1.761360,0.002698,0,10,1.000000,0.000000,0.450898,0.007327,0.450898,0.007327,9012.20,70.00,True
90122,B13/S457,False,1.717431,0.001530,0,10,0.998377,0.005133,0.393422,0.005424,0.394730,0.007421,7852.90,69.90,True
90174,B12345/S457,False,1.380955,0.002112,0,10,0.946178,0.011392,0.328558,0.008546,0.366845,0.013330,6587.60,66.30,True
90184,B36/S457,False,1.271857,0.128133,4,10,0.000000,0.000000,0.000000,0.000000,0.000000,0.000000,0.00,0.00,False
90372,B28/S457,False,1.460869,0.002144,0,10,0.866648,0.304997,0.243954,0.085955,0.263091,0.092901,4881.00,60.70,True
90385,B048/S457,False,1.267162,0.008313,0,10,0.946472,0.030068,0.266655,0.008155,0.297856,0.013953,5329.50,66.20,True
90412,B2358/S457,False,1.748406,0.001902,0,10,1.000000,0.000000,0.447916,0.005861,0.447916,0.005861,8934.50,70.00,True
90465,B0568/S457,False,1.112061,0.015663,0,10,0.693091,0.365772,0.175181,0.092469,0.233241,0.123816,3517.50,48.80,True
90692,B26/S0457,False,1.541846,0.001333,0,10,0.982413,0.014654,0.317527,0.005598,0.329061,0.009100,6378.60,68.70,True
90860,B23567/S0457,False,1.688006,0.000961,0,10,0.998377,0.005133,0.397532,0.004073,0.398825,0.004129,7917.80,69.90,True
91214,B1236/S1457,False,1.670830,0.001270,0,10,0.993508,0.008382,0.413472,0.008790,0.418837,0.006695,8242.30,69.60,True
91404,B238/S1457,False,1.505552,0.001854,0,10,0.968237,0.009777,0.359200,0.006553,0.382979,0.004624,7191.80,67.70,True
91473,B0468/S1457,False,1.541374,0.014534,0,10,0.976667,0.011829,0.319670,0.006673,0.335056,0.005861,6392.50,68.20,True
91502,B123568/S1457,False,1.776127,0.001396,0,10,1.000000,0.000000,0.425058,0.003489,0.425058,0.003489,8522.40,70.00,True
91609,B034678/S1457,False,1.757687,0.000892,0,10,1.000000,0.000000,0.419353,0.005210,0.419353,0.005210,8387.10,70.00,True
91689,B035/S01457,False,1.827505,0.000898,0,10,1.000000,0.000000,0.462321,0.004579,0.462321,0.004579,9228.00,70.00,True
91762,B1456/S01457,False,1.554521,0.001168,0,10,0.991801,0.008470,0.385362,0.004255,0.391786,0.008000,7706.60,69.40,True
91856,B467/S01457,False,0.482453,0.399878,0,10,0.150947,0.051922,0.001363,0.000748,0.052836,0.016477,20.90,9.30,True
91860,B2467/S01457,False,1.850503,0.001419,0,10,1.000000,0.000000,0.460344,0.004446,0.460344,0.004446,9172.00,70.00,True
91864,B3467/S01457,False,1.762846,0.000813,0,10,1.000000,0.000000,0.425686,0.003257,0.425686,0.003257,8486.80,70.00,True
92122,B134678/S01457,False,1.764240,0.001357,0,10,1.000000,0.000000,0.421145,0.002475,0.421145,0.002475,8378.40,70.00,True
92137,B035678/S01457,False,1.708888,0.001399,0,10,1.000000,0.000000,0.403856,0.005607,0.403856,0.005607,8068.10,70.00,True
92320,B57/S2457,False,1.528164,0.018271,0,10,0.058431,0.055280,0.000202,0.000220,0.019464,0.020491,3.10,3.60,False
92538,B134568/S2457,False,1.701412,0.001111,0,10,0.997279,0.005868,0.382183,0.006362,0.384283,0.006858,7639.30,69.80,True
92742,B126/S02457,False,1.610873,0.001898,0,10,0.992510,0.008112,0.407628,0.008714,0.413771,0.008118,8155.30,69.50,True
92796,B23456/S02457,False,1.605146,0.001197,0,10,0.990543,0.009210,0.361934,0.005689,0.368902,0.007477,7245.40,69.20,True
93006,B12368/S02457,False,1.790220,0.001356,0,10,1.000000,0.000000,0.440375,0.003870,0.440375,0.003870,8795.00,70.00,True
93068,B2378/S02457,False,1.624279,0.001829,0,10,0.998377,0.005133,0.410980,0.011381,0.412247,0.008352,8233.20,69.90,True
93206,B124/S12457,False,1.717927,0.001339,0,10,1.000000,0.000000,0.445750,0.005258,0.445750,0.005258,8856.30,70.00,True
93209,B034/S12457,False,1.602823,0.001935,0,10,0.995131,0.007840,0.404844,0.006172,0.408827,0.007740,8103.50,69.70,True
93296,B456/S12457,False,1.613099,0.001740,0,10,0.999483,0.001365,0.393731,0.005631,0.394147,0.005801,7864.60,69.80,True
93585,B0478/S12457,False,1.641049,0.002430,0,10,0.998801,0.003791,0.401752,0.007125,0.402701,0.005686,8037.80,69.90,True
93897,B0367/S012457,False,1.795539,0.001609,0,10,1.000000,0.000000,0.447312,0.006414,0.447312,0.006414,8936.90,70.00,True
94012,B23458/S012457,False,1.576855,0.001354,0,10,0.992184,0.009010,0.384433,0.008377,0.390473,0.006338,7702.70,69.40,True
94078,B1234568/S012457,False,1.626498,0.001086,0,10,0.986737,0.010841,0.352079,0.009505,0.361537,0.008010,7019.80,69.10,True
94176,B5678/S012457,False,1.425644,0.041938,0,10,0.167178,0.049022,0.002360,0.000924,0.080254,0.027407,36.20,10.30,True
94340,B27/S3457,False,1.363683,0.008292,0,10,0.753871,0.040165,0.142778,0.021605,0.249327,0.025828,2827.30,52.50,True
94486,B1248/S3457,False,1.436852,0.013014,0,10,0.802804,0.031640,0.178740,0.016488,0.276302,0.018150,3625.50,56.00,True
94500,B258/S3457,False,1.577121,0.001962,0,10,0.985544,0.015632,0.383664,0.009709,0.394982,0.008983,7661.40,69.00,True
94792,B36/S03457,False,1.611222,0.001938,0,10,0.986202,0.011999,0.385048,0.007474,0.395869,0.006087,7715.20,68.90,True
94810,B1346/S03457,False,1.741124,0.001454,0,10,0.998377,0.005133,0.412179,0.004838,0.413508,0.003715,8238.10,69.90,True
94990,B1238/S03457,False,1.095705,0.021315,0,10,0.429833,0.114095,0.018094,0.009388,0.093670,0.019895,290.30,27.40,True
95222,B1245678/S03457,False,1.546835,0.000996,0,10,0.971705,0.016418,0.325629,0.008370,0.344775,0.007240,6494.90,68.00,True
95350,B12456/S13457,False,1.625215,0.001432,0,10,0.993508,0.011349,0.368396,0.007431,0.373224,0.007175,7375.00,69.60,True
95793,B045/S013457,False,1.443193,0.002072,0,10,0.978206,0.010223,0.360796,0.014118,0.376858,0.010959,7242.00,68.40,True
96118,B124568/S013457,False,1.666797,0.001338,0,10,1.000000,0.000000,0.374935,0.008188,0.374935,0.008188,7475.30,70.00,True
96136,B378/S013457,False,1.336993,0.009991,0,10,0.842997,0.057349,0.208268,0.016741,0.293603,0.026278,4245.40,59.00,True
96257,B0/S23457,False,1.129320,0.097755,0,10,0.017854,0.026661,0.000147,0.000145,0.518138,0.443735,2.20,1.10,False
96273,B04/S23457,False,1.483033,0.098548,0,10,0.123355,0.047905,0.002412,0.001538,0.127007,0.043951,37.00,7.60,True
96306,B145/S23457,False,1.404464,0.004615,0,10,0.856728,0.301567,0.275895,0.097608,0.304579,0.108538,5529.70,59.90,True
96393,B037/S23457,False,1.212234,0.055027,0,10,0.123755,0.062191,0.002272,0.001545,0.136013,0.056927,34.80,7.60,True
96594,B1468/S23457,False,1.792080,0.001533,0,10,1.000000,0.000000,0.414225,0.004416,0.414225,0.004416,8254.60,70.00,True
96689,B04578/S23457,False,1.561903,0.001222,0,10,0.996754,0.010265,0.375555,0.010400,0.378010,0.009975,7501.30,69.80,True
96726,B124678/S23457,False,1.737283,0.000919,0,10,1.000000,0.000000,0.389413,0.004660,0.389413,0.004660,7785.60,70.00,True
96852,B246/S023457,False,1.785838,0.001859,0,10,1.000000,0.000000,0.411371,0.002987,0.411371,0.002987,8192.50,70.00,True
96938,B1357/S023457,False,1.735866,0.001503,0,10,1.000000,0.000000,0.414642,0.004549,0.414642,0.004549,8290.70,70.00,True
97002,B13567/S023457,False,1.650195,0.002043,0,10,0.998121,0.005106,0.366063,0.006693,0.367444,0.006751,7327.20,69.80,True
97089,B068/S023457,False,1.416475,0.082231,0,10,0.073886,0.052814,0.000768,0.000563,0.188482,0.292190,11.90,4.60,False
97436,B2347/S123457,False,1.370444,0.003613,0,10,0.657873,0.454328,0.212576,0.146936,0.240555,0.166259,4226.50,46.20,True
97460,B2457/S123457,False,1.623873,0.001265,0,10,0.998377,0.005133,0.388362,0.008091,0.389596,0.006453,7762.60,69.90,True
97529,B034567/S123457,False,1.391497,0.002011,0,10,0.846184,0.298413,0.252627,0.088972,0.286136,0.102125,5038.20,59.20,True
97642,B13568/S123457,False,1.731637,0.002020,0,10,1.000000,0.000000,0.391585,0.003772,0.391585,0.003772,7831.90,70.00,True
97745,B04678/S123457,False,1.707356,0.001967,0,10,1.000000,0.000000,0.383071,0.005657,0.383071,0.005657,7640.30,70.00,True
97977,B03457/S0123457,False,1.494009,0.001377,0,10,0.885392,0.311283,0.314996,0.110825,0.325478,0.114698,6307.70,62.10,True
98118,B1268/S0123457,False,1.385326,0.036105,0,10,0.275252,0.091823,0.009732,0.004765,0.123532,0.045945,150.00,17.10,True
98160,B4568/S0123457,False,1.516987,0.002254,0,10,0.969625,0.013243,0.326007,0.008431,0.346732,0.011843,6585.10,67.90,True
98194,B1478/S0123457,False,1.432962,0.004081,0,10,0.936793,0.019263,0.286140,0.013262,0.325682,0.009259,5743.40,65.30,True
98400,B56/S67,False,-inf,,10,10,0.000000,0.000000,0.000000,0.000000,0.000000,0.000000,0.00,0.00,False
98482,B1457/S67,False,1.370643,0.000963,0,10,0.946478,0.020185,0.282778,0.008903,0.315554,0.010941,5672.00,66.30,True
98569,B038/S67,False,1.418139,0.001598,0,10,0.865128,0.304253,0.246203,0.086833,0.266280,0.093671,4939.60,60.60,True
98593,B058/S67,False,1.075957,0.015080,0,10,0.626971,0.331805,0.127349,0.067804,0.206691,0.109772,2587.70,43.90,True
98634,B1368/S67,False,1.659758,0.001758,0,10,0.992525,0.010341,0.360850,0.007544,0.366327,0.008764,7208.30,69.50,True
98641,B0468/S67,False,1.181251,0.005341,0,10,0.864304,0.029349,0.187793,0.010667,0.251083,0.013670,3764.10,60.20,True
98846,B1234/S067,False,1.005346,0.003433,0,10,0.760618,0.043304,0.192056,0.013777,0.331279,0.022661,3889.40,53.30,True
99081,B038/S067,False,1.432794,0.001376,0,10,0.877920,0.308546,0.264857,0.093224,0.278247,0.097889,5267.50,61.40,True
99292,B234678/S067,False,1.173488,0.002604,0,10,0.843316,0.022763,0.244935,0.007891,0.343838,0.016111,4953.90,59.20,True
99342,B123/S167,False,1.049732,0.003829,0,10,0.847399,0.020839,0.242756,0.005400,0.337466,0.011854,4851.20,59.60,True
99425,B056/S167,False,1.114214,0.007468,0,10,0.830385,0.021875,0.174976,0.008814,0.253030,0.008719,3518.60,58.00,True
99540,B2467/S167,False,1.805112,0.001385,0,10,1.000000,0.000000,0.416893,0.005130,0.416893,0.005130,8293.20,70.00,True
99590,B128/S167,False,1.109288,0.005295,0,10,0.795214,0.280598,0.227697,0.080599,0.291298,0.102999,4582.90,55.90,True
99798,B124678/S167,False,1.642624,0.001093,0,10,0.996754,0.006844,0.410505,0.005810,0.413191,0.006835,8188.20,69.80,True
99884,B235/S0167,False,1.541922,0.000940,0,10,0.970850,0.014250,0.366390,0.007190,0.388662,0.009841,7342.70,68.10,True
100252,B23478/S0167,False,1.163467,0.002134,0,10,0.854710,0.037384,0.244643,0.010522,0.335110,0.023430,4912.40,59.40,True
100292,B2678/S0167,False,1.471646,0.002161,0,10,0.971869,0.012115,0.301728,0.005117,0.319394,0.007130,6034.70,68.00,True
100386,B15/S267,False,1.539918,0.001486,0,10,0.981890,0.016132,0.314266,0.007602,0.326000,0.009973,6285.90,68.80,True
100497,B047/S267,False,1.422009,0.003096,0,10,0.950795,0.023192,0.265525,0.008477,0.293649,0.009397,5317.70,66.60,True
100510,B12347/S267,False,1.229969,0.002128,0,10,0.888225,0.024250,0.283356,0.009803,0.358722,0.012598,5699.90,62.40,True
100570,B13467/S267,False,1.609682,0.001747,0,10,0.990177,0.011271,0.402387,0.008424,0.410353,0.006428,8069.80,69.30,True
100585,B03567/S267,False,1.765943,0.002049,0,10,0.998377,0.005133,0.420726,0.007935,0.422072,0.006598,8398.90,69.90,True
100672,B68/S267,False,1.098612,0.000000,0,10,0.000000,0.000000,0.000000,0.000000,0.000000,0.000000,0.00,0.00,False
100732,B234568/S267,False,1.091470,0.005666,0,10,0.731481,0.025179,0.165020,0.007349,0.307275,0.017599,3356.90,51.00,True
100782,B123578/S267,False,1.599690,0.002443,0,10,0.987569,0.011816,0.395102,0.008101,0.405077,0.007623,7889.60,69.10,True
100828,B234678/S267,False,1.372986,0.003051,0,10,0.951768,0.013738,0.344374,0.008594,0.379937,0.009625,6888.00,66.60,True
100856,B345678/S267,False,0.931193,0.009246,0,10,0.670446,0.039130,0.091557,0.011037,0.203891,0.031215,1859.00,46.60,True
100862,B12345678/S267,False,0.915200,0.009438,0,10,0.671880,0.047256,0.093198,0.013540,0.206185,0.029617,1843.60,46.40,True
100884,B24/S0267,False,1.788739,0.001347,0,10,0.998377,0.005133,0.427246,0.006921,0.428597,0.003590,8516.80,69.90,True
100953,B0346/S0267,False,1.591773,0.001263,0,10,0.993330,0.007524,0.398760,0.005023,0.404135,0.005842,8012.20,69.50,True
100990,B123456/S0267,False,1.050453,0.004817,0,10,0.739516,0.041285,0.159227,0.015281,0.289934,0.020461,3232.80,51.10,True
101152,B58/S0267,False,1.200399,0.087611,0,10,0.032462,0.018742,0.000170,0.000120,0.104903,0.083138,2.60,2.00,False
101600,B567/S1267,False,0.839133,0.193634,0,10,0.042200,0.024436,0.000267,0.000183,0.107923,0.096549,4.10,2.60,False
101694,B123458/S1267,False,1.174063,0.002358,0,10,0.827588,0.022079,0.235442,0.009634,0.342941,0.014179,4736.70,58.00,True
101736,B3568/S1267,False,1.670595,0.004234,0,10,0.990589,0.010390,0.371987,0.006338,0.379146,0.009980,7423.60,69.30,True
101982,B12346/S01267,False,1.339322,0.002227,0,10,0.942626,0.014602,0.325875,0.005813,0.366646,0.011496,6506.40,65.50,True
102052,B257/S01267,False,1.552673,0.001923,0,10,0.991361,0.011181,0.381951,0.005362,0.388672,0.008079,7668.90,69.40,True
102186,B1358/S01267,False,1.818324,0.001769,0,10,0.998377,0.005133,0.445470,0.006189,0.446890,0.003364,8907.90,69.90,True
102378,B135678/S01267,False,1.663220,0.002519,0,10,0.990261,0.011349,0.412967,0.006455,0.421123,0.007497,8267.30,69.40,True
102394,B1345678/S01267,False,0.910111,0.014406,0,10,0.695793,0.043721,0.115350,0.008675,0.237892,0.021059,2361.20,48.70,True
102412,B23/S367,False,1.420684,0.001870,0,10,0.982495,0.011396,0.371766,0.005111,0.385132,0.008272,7448.20,68.60,True
102614,B12467/S367,False,1.905774,0.000780,0,10,1.000000,0.000000,0.471259,0.002644,0.471259,0.002644,9405.40,70.00,True
102826,B13578/S367,False,1.933123,0.001146,0,10,1.000000,0.000000,0.477058,0.002689,0.477058,0.002689,9500.20,70.00,True
102910,B12345678/S367,False,1.263116,0.001448,0,10,0.917576,0.026630,0.282180,0.010875,0.334969,0.012311,5672.60,64.40,True
102986,B136/S0367,False,1.805858,0.001231,0,10,1.000000,0.000000,0.449433,0.003641,0.449433,0.003641,9008.90,70.00,True
102988,B236/S0367,False,1.550984,0.001016,0,10,0.998377,0.005133,0.424391,0.004507,0.425768,0.004193,8484.70,69.90,True
103030,B12456/S0367,False,1.595344,0.001684,0,10,0.985473,0.012603,0.388085,0.014646,0.399448,0.010380,7806.80,69.00,True
103244,B2368/S0367,False,1.555744,0.001213,0,10,0.995131,0.007840,0.419663,0.005248,0.423758,0.004279,8388.10,69.70,True
103462,B125/S1367,False,1.741923,0.001373,0,10,1.000000,0.000000,0.437408,0.003863,0.437408,0.003863,8706.70,70.00,True
103494,B126/S1367,False,1.550878,0.001330,0,10,0.995240,0.007671,0.394812,0.006064,0.398568,0.004237,7899.60,69.70,True
103529,B0356/S1367,False,1.825716,0.001056,0,10,1.000000,0.000000,0.471294,0.003912,0.471294,0.003912,9405.70,70.00,True
103678,B1234567/S1367,False,1.283862,0.001299,0,10,0.826668,0.291376,0.256718,0.090948,0.304019,0.107525,5175.70,57.80,True
103689,B038/S1367,False,1.727216,0.001131,0,10,1.000000,0.000000,0.419533,0.002937,0.419533,0.002937,8354.10,70.00,True
103836,B23478/S1367,False,1.511221,0.000933,0,10,0.986307,0.010747,0.394324,0.006632,0.405326,0.008080,7886.90,69.10,True
103906,B15678/S1367,False,1.551681,0.001593,0,10,0.992510,0.011151,0.351983,0.007881,0.357282,0.005812,7019.90,69.50,True
104092,B2347/S01367,False,1.513029,0.000898,0,10,0.991803,0.007740,0.396026,0.004881,0.402620,0.007357,7906.30,69.30,True
104126,B123457/S01367,False,1.519611,0.001675,0,10,0.965181,0.017260,0.350549,0.009535,0.376268,0.011804,7025.30,67.50,True
104297,B03568/S01367,False,1.817461,0.001821,0,10,1.000000,0.000000,0.471305,0.004073,0.471305,0.004073,9395.60,70.00,True
104396,B23678/S01367,False,1.565683,0.001464,0,10,0.998377,0.005133,0.428106,0.005437,0.429502,0.005874,8543.60,69.90,True
104657,B0467/S2367,False,1.581601,0.005297,0,10,0.977413,0.012885,0.347154,0.008344,0.363346,0.009808,6974.30,68.50,True
104694,B124567/S2367,False,1.293723,0.002220,0,10,0.928618,0.025464,0.291115,0.007072,0.337584,0.013210,5867.00,64.90,True
104824,B34568/S2367,False,1.358784,0.001234,0,10,0.942229,0.017510,0.311133,0.009502,0.350220,0.009647,6228.20,66.00,True
105002,B135/S02367,False,1.840960,0.001040,0,10,1.000000,0.000000,0.471496,0.002067,0.471496,0.002067,9417.10,70.00,True
105018,B1345/S02367,False,1.501702,0.000743,0,10,0.968668,0.005512,0.366041,0.005691,0.389908,0.005441,7326.80,67.90,True
105022,B12345/S02367,False,1.327425,0.001090,0,10,0.831893,0.292631,0.268025,0.094658,0.313288,0.110274,5422.90,58.30,True
105089,B07/S02367,False,1.102892,0.010280,0,10,0.091748,0.038331,0.000926,0.000512,0.080242,0.040457,14.30,5.70,False
105156,B267/S02367,False,1.426411,0.002631,0,10,0.976723,0.015708,0.350449,0.010899,0.367413,0.014107,7004.70,68.30,True
105164,B2367/S02367,False,1.386166,0.002053,0,10,0.996501,0.006733,0.406011,0.006956,0.408886,0.008067,8103.60,69.60,True
105345,B078/S02367,False,1.098621,0.000037,0,10,0.101005,0.023093,0.000995,0.000456,0.087297,0.038734,15.30,6.40,True
105384,B3578/S02367,False,1.793244,0.001400,0,10,1.000000,0.000000,0.452887,0.005688,0.452887,0.005688,9060.60,70.00,True
105420,B23678/S02367,False,1.378727,0.001016,0,10,0.990261,0.011349,0.404297,0.004637,0.412329,0.008740,8068.50,69.40,True
105481,B03/S12367,False,1.397291,0.005027,0,10,0.927877,0.032096,0.230508,0.023385,0.267425,0.023888,4379.80,64.20,True
105505,B05/S12367,False,1.200033,0.075718,0,10,0.105884,0.048001,0.001516,0.000761,0.129719,0.054455,23.60,6.60,True
105634,B157/S12367,False,1.326406,0.011876,0,10,0.822696,0.029649,0.195947,0.011828,0.288600,0.008628,3908.00,57.20,True
105924,B2678/S12367,False,1.241996,0.014397,0,10,0.837671,0.040261,0.192725,0.014611,0.274588,0.022657,3802.30,58.00,True
105953,B05678/S12367,False,1.075691,0.027236,0,10,0.147701,0.048512,0.003007,0.001653,0.120026,0.034551,45.60,9.10,True
106106,B13456/S012367,False,1.318853,0.001172,0,10,0.922295,0.010828,0.298370,0.006798,0.350427,0.009550,5965.20,64.40,True
106144,B57/S012367,False,1.229774,0.100270,0,10,0.052507,0.026267,0.000569,0.000354,0.171740,0.086214,8.80,3.30,False
106369,B078/S012367,False,0.855730,0.094034,0,10,0.021100,0.010955,0.000176,0.000134,0.186222,0.125803,2.70,1.30,False
106380,B2378/S012367,False,1.258553,0.001435,0,10,0.961502,0.016332,0.352775,0.008366,0.381540,0.011552,7053.20,67.00,True
106454,B124678/S012367,False,1.711922,0.001396,0,10,1.000000,0.000000,0.445039,0.006962,0.445039,0.006962,8874.80,70.00,True
106537,B035/S467,False,1.747771,0.006400,0,10,1.000000,0.000000,0.375823,0.005841,0.375823,0.005841,7485.40,70.00,True
106950,B12678/S467,False,1.465844,0.001473,0,10,0.967208,0.013711,0.355811,0.008621,0.380158,0.005854,7104.30,67.80,True
107016,B3/S0467,False,1.282748,0.204557,0,10,0.103878,0.020531,0.000476,0.000166,0.038727,0.010325,7.30,6.40,True
107184,B457/S0467,False,0.000000,0.000000,0,10,0.123355,0.027799,0.000411,0.000197,0.025094,0.011524,6.30,7.60,True
107216,B467/S0467,False,0.000421,0.001328,0,10,0.077908,0.028423,0.000267,0.000125,0.037417,0.010680,4.10,4.80,False
107414,B12478/S0467,False,1.809344,0.001230,0,10,1.000000,0.000000,0.460867,0.003147,0.460867,0.003147,9190.40,70.00,True
107418,B13478/S0467,False,1.684442,0.001067,0,10,1.000000,0.000000,0.437313,0.005947,0.437313,0.005947,8780.70,70.00,True
107473,B04678/S0467,False,1.324907,0.004852,0,10,0.943465,0.019894,0.260539,0.008464,0.292567,0.009355,5219.20,65.80,True
107556,B25/S1467,False,1.806109,0.001742,0,10,1.000000,0.000000,0.411490,0.006174,0.411490,0.006174,8205.00,70.00,True
107678,B12347/S1467,False,1.623009,0.001033,0,10,0.897379,0.315357,0.369127,0.129921,0.371311,0.130769,7358.00,62.80,True
107776,B8/S1467,False,0.693147,0.000000,0,10,0.012985,0.022697,0.000052,0.000091,0.020938,0.034728,0.80,0.80,False
107785,B038/S1467,False,1.747527,0.002303,0,10,1.000000,0.000000,0.389963,0.004289,0.389963,0.004289,7794.30,70.00,True
107786,B138/S1467,False,1.849710,0.000430,0,10,1.000000,0.000000,0.442627,0.003666,0.442627,0.003666,8835.80,70.00,True
107818,B1358/S1467,False,2.034855,0.001355,0,10,1.000000,0.000000,0.486712,0.002378,0.486712,0.002378,9704.70,70.00,True
108172,B237/S01467,False,1.662405,0.001410,0,10,0.996754,0.006844,0.414151,0.006216,0.416829,0.004538,8265.30,69.80,True
108384,B568/S01467,False,0.615803,0.209453,0,10,0.071416,0.021910,0.000456,0.000160,0.086979,0.055761,7.00,4.40,False
108426,B1378/S01467,False,1.841443,0.000897,0,10,1.000000,0.000000,0.446959,0.002705,0.446959,0.002705,8927.70,70.00,True
108444,B23478/S01467,False,1.649946,0.000991,0,10,1.000000,0.000000,0.424408,0.006182,0.424408,0.006182,8512.60,70.00,True
108548,B2/S2467,False,1.661856,0.001225,0,10,1.000000,0.000000,0.393203,0.004522,0.393203,0.004522,7825.40,70.00,True
108564,B24/S2467,False,1.952512,0.001305,0,10,1.000000,0.000000,0.489026,0.001473,0.489026,0.001473,9730.00,70.00,True
108570,B134/S2467,False,1.809034,0.001108,0,10,1.000000,0.000000,0.462758,0.003473,0.462758,0.003473,9226.50,70.00,True
108689,B047/S2467,False,1.660821,0.010054,0,10,0.991081,0.008071,0.341098,0.009158,0.347190,0.006692,6829.00,69.40,True
108772,B2567/S2467,False,1.801873,0.001807,0,10,1.000000,0.000000,0.460970,0.003412,0.460970,0.003412,9169.90,70.00,True
108862,B123458/S2467,False,1.715723,0.001256,0,10,0.897762,0.315485,0.351647,0.123735,0.353405,0.124341,7033.50,62.80,True
108982,B124578/S2467,False,1.899854,0.001150,0,10,1.000000,0.000000,0.452590,0.003501,0.452590,0.003501,9009.70,70.00,True
109094,B125/S02467,False,1.871771,0.001690,0,10,1.000000,0.000000,0.469286,0.004379,0.469286,0.004379,9360.50,70.00,True
109096,B35/S02467,False,2.084466,0.002181,0,10,1.000000,0.000000,0.480872,0.002305,0.480872,0.002305,9569.30,70.00,True
109137,B046/S02467,False,1.734362,0.017546,0,10,0.987973,0.009377,0.336458,0.008677,0.344721,0.010360,6736.10,69.10,True
109182,B123456/S02467,False,1.644349,0.001492,0,10,0.996905,0.006147,0.360932,0.007358,0.363168,0.006925,7200.70,69.70,True
109280,B567/S02467,False,1.490443,0.085859,0,10,0.097385,0.027587,0.000482,0.000216,0.043236,0.014129,7.40,6.00,False
109514,B13678/S02467,False,1.988539,0.001211,0,10,1.000000,0.000000,0.483952,0.002315,0.483952,0.002315,9638.80,70.00,True
109624,B345/S12467,False,1.746912,0.001134,0,10,0.998377,0.005133,0.417684,0.008106,0.419051,0.008616,8320.90,69.90,True
109649,B046/S12467,False,1.799813,0.006907,0,10,1.000000,0.000000,0.403789,0.005491,0.403789,0.005491,8059.00,70.00,True
109820,B234567/S12467,False,1.558327,0.002045,0,10,0.987315,0.012368,0.322069,0.005624,0.330404,0.006646,6447.70,69.10,True
110104,B34/S012467,False,1.730332,0.001595,0,10,1.000000,0.000000,0.447107,0.005496,0.447107,0.005496,8914.30,70.00,True
110217,B037/S012467,False,1.828338,0.001420,0,10,1.000000,0.000000,0.444079,0.004098,0.444079,0.004098,8832.60,70.00,True
110362,B1348/S012467,False,1.775874,0.001450,0,10,1.000000,0.000000,0.454918,0.004209,0.454918,0.004209,9075.80,70.00,True
110369,B058/S012467,False,1.445311,0.081455,0,10,0.063300,0.023521,0.000795,0.000434,0.156544,0.085988,12.20,3.90,False
110484,B2478/S012467,False,1.927841,0.001351,0,10,1.000000,0.000000,0.488684,0.001893,0.488684,0.001893,9699.90,70.00,True
110494,B123478/S012467,False,1.665255,0.001977,0,10,0.998377,0.005133,0.413155,0.009208,0.414473,0.007849,8231.30,69.90,True
110504,B3578/S012467,False,2.089808,0.000796,0,10,1.000000,0.000000,0.493003,0.001374,0.493003,0.001374,9812.00,70.00,True
110546,B14678/S012467,False,1.878240,0.001123,0,10,1.000000,0.000000,0.478739,0.002789,0.478739,0.002789,9526.10,70.00,True
110604,B23/S3467,False,1.416146,0.001911,0,10,0.967642,0.016937,0.357840,0.005558,0.382308,0.014326,7187.00,67.60,True
110916,B268/S3467,False,1.569463,0.001604,0,10,0.984730,0.007737,0.361896,0.007007,0.373132,0.006635,7238.50,68.90,True
110929,B0468/S3467,False,1.739252,0.005097,0,10,0.997944,0.006501,0.429840,0.011919,0.431574,0.009763,8580.10,69.80,True
110988,B2378/S3467,False,1.467827,0.001254,0,10,0.983645,0.008553,0.375864,0.007576,0.388478,0.010913,7496.40,68.70,True
111026,B14578/S3467,False,1.750335,0.000735,0,10,0.998377,0.005133,0.406197,0.007870,0.407486,0.005892,8106.50,69.90,True
111262,B12347/S03467,False,1.544403,0.001880,0,10,0.992799,0.008065,0.396047,0.007626,0.401826,0.009366,7880.30,69.50,True
111328,B567/S03467,False,1.389906,0.038196,0,10,0.155816,0.035229,0.000652,0.000252,0.024729,0.006654,10.00,9.60,True
111386,B1348/S03467,False,1.541304,0.001808,0,10,0.996754,0.006844,0.409666,0.006302,0.412342,0.006884,8221.90,69.80,True
111945,B0368/S13467,False,1.726951,0.001415,0,10,1.000000,0.000000,0.452285,0.006020,0.452285,0.006020,9043.80,70.00,True
111990,B124568/S13467,False,1.660158,0.001276,0,10,1.000000,0.000000,0.361506,0.008441,0.361506,0.008441,7167.70,70.00,True
112036,B2578/S13467,False,1.862739,0.000821,0,10,1.000000,0.000000,0.458766,0.004388,0.458766,0.004388,9130.80,70.00,True
112417,B058/S013467,False,1.397545,0.025524,0,10,0.149324,0.052899,0.002967,0.001203,0.128917,0.037958,45.50,9.20,True
112529,B0478/S013467,False,1.630629,0.004388,0,10,0.989264,0.012375,0.380380,0.015943,0.388591,0.013853,7573.50,69.30,True
112748,B2356/S23467,False,1.698891,0.001322,0,10,1.000000,0.000000,0.388067,0.002023,0.388067,0.002023,7750.80,70.00,True
113130,B135678/S23467,False,1.561491,0.003345,0,10,0.990887,0.011121,0.322585,0.006003,0.328577,0.007995,6432.20,69.40,True
113266,B1456/S023467,False,1.558320,0.000917,0,10,0.988039,0.010308,0.345604,0.007624,0.353983,0.007152,6923.00,69.20,True
113324,B2357/S023467,False,1.873048,0.000753,0,10,1.000000,0.000000,0.438139,0.003986,0.438139,0.003986,8726.90,70.00,True
113330,B1457/S023467,False,1.742389,0.001400,0,10,1.000000,0.000000,0.405500,0.004648,0.405500,0.004648,8067.30,70.00,True
113446,B1258/S023467,False,1.730023,0.001132,0,10,0.996754,0.006844,0.422560,0.008494,0.425258,0.004811,8417.40,69.80,True
113574,B12578/S023467,False,1.796934,0.002026,0,10,1.000000,0.000000,0.433209,0.005673,0.433209,0.005673,8619.30,70.00,True
113594,B134578/S023467,False,1.679531,0.001169,0,10,0.998801,0.003791,0.371535,0.002852,0.372424,0.002029,7415.50,69.90,True
113754,B1346/S123467,False,1.697561,0.001374,0,10,1.000000,0.000000,0.415136,0.004633,0.415136,0.004633,8284.90,70.00,True
113758,B12346/S123467,False,1.646023,0.001443,0,10,1.000000,0.000000,0.401717,0.004537,0.401717,0.004537,7977.50,70.00,True
113904,B4567/S123467,False,1.453725,0.001232,0,10,0.974893,0.011935,0.301021,0.005946,0.316685,0.007699,6056.20,68.20,True
113968,B458/S123467,False,1.631261,0.000948,0,10,0.989918,0.011070,0.389926,0.008817,0.397836,0.005657,7827.00,69.30,True
114112,B678/S123467,False,1.170731,0.075283,0,10,0.042200,0.034388,0.000567,0.000473,0.315298,0.268492,8.70,2.60,False
114138,B134678/S123467,False,1.589002,0.001199,0,10,1.000000,0.000000,0.370247,0.004600,0.370247,0.004600,7375.00,70.00,True
114174,B12345678/S123467,False,1.380077,0.003024,0,10,0.561994,0.483802,0.155611,0.134071,0.177168,0.152529,3139.90,39.40,True
114216,B35/S0123467,False,1.805462,0.001309,0,10,1.000000,0.000000,0.435357,0.004354,0.435357,0.004354,8682.80,70.00,True
114260,B246/S0123467,False,1.792976,0.001490,0,10,1.000000,0.000000,0.444225,0.003290,0.444225,0.003290,8870.70,70.00,True
114508,B2368/S0123467,False,1.583870,0.001761,0,10,0.996498,0.006756,0.399072,0.008500,0.401868,0.007820,7967.20,69.70,True
114540,B23568/S0123467,False,1.729003,0.001481,0,10,1.000000,0.000000,0.383648,0.005985,0.383648,0.005985,7665.00,70.00,True
114674,B145678/S0123467,False,1.444712,0.001410,0,10,0.976105,0.015669,0.293009,0.006464,0.307534,0.008810,5875.70,68.30,True
114762,B136/S567,False,1.695983,0.000977,0,10,0.999385,0.001945,0.382803,0.005550,0.383281,0.005672,7628.90,69.90,True
115153,B04678/S567,False,1.241955,0.007057,0,10,0.900471,0.021021,0.239351,0.007419,0.294948,0.011947,4785.50,63.00,True
115313,B0456/S0567,False,1.040081,0.094082,0,10,0.828293,0.037110,0.181717,0.014728,0.263920,0.009992,3682.40,58.00,True
115376,B457/S0567,False,1.517662,0.000004,0,10,0.063300,0.037833,0.000176,0.000092,0.041718,0.038658,2.70,3.90,False
115414,B12467/S0567,False,1.661622,0.002148,0,10,0.991899,0.007665,0.397022,0.007586,0.403520,0.007931,7914.20,69.40,True
115446,B124567/S0567,False,1.049023,0.010019,0,10,0.865498,0.032085,0.194694,0.014223,0.259412,0.014605,3947.90,60.20,True
115502,B12358/S0567,False,1.491034,0.001201,0,10,0.950438,0.020623,0.344708,0.016585,0.381229,0.011866,6918.60,66.50,True
115576,B34568/S0567,False,1.178419,0.001816,0,10,0.874943,0.040502,0.204660,0.021521,0.266505,0.019236,4139.70,61.10,True
115742,B1234/S1567,False,1.192743,0.002426,0,10,0.817608,0.019463,0.222782,0.012178,0.332359,0.017178,4441.10,56.70,True
115756,B235/S1567,False,1.577866,0.001732,0,10,0.981802,0.009210,0.388331,0.009249,0.402796,0.010561,7791.60,68.80,True
115762,B145/S1567,False,1.400307,0.002185,0,10,0.979656,0.017945,0.353034,0.005552,0.367965,0.010745,7081.70,68.50,True
115770,B1345/S1567,False,1.214292,0.003626,0,10,0.862831,0.021857,0.231901,0.009036,0.310873,0.009402,4656.80,60.50,True
115780,B26/S1567,False,1.554518,0.001490,0,10,0.987650,0.015406,0.325755,0.007346,0.333935,0.006178,6510.60,69.20,True
116134,B12578/S1567,False,1.417724,0.002416,0,10,0.986408,0.005921,0.380277,0.006753,0.390784,0.008172,7586.90,69.00,True
116369,B047/S01567,False,1.173810,0.055189,0,10,0.303517,0.096494,0.008514,0.003085,0.093696,0.028025,130.00,18.70,True
116428,B2367/S01567,False,1.378897,0.002008,0,10,0.864622,0.304062,0.316455,0.111292,0.342805,0.120794,6358.30,60.40,True
116622,B12378/S01567,False,1.200382,0.001970,0,10,0.891914,0.019474,0.287886,0.008933,0.361362,0.010020,5773.90,62.60,True
116662,B124578/S01567,False,1.429442,0.002412,0,10,0.968925,0.009481,0.326668,0.008061,0.347860,0.009383,6529.30,67.40,True
117040,B458/S2567,False,1.273707,0.152618,0,10,0.159063,0.047660,0.000574,0.000338,0.022167,0.013884,8.80,9.80,True
117200,B4678/S2567,False,1.344167,0.228655,0,10,0.068170,0.044483,0.000170,0.000112,0.023516,0.018805,2.60,4.20,False
117457,B0467/S02567,False,1.501472,0.007052,0,10,0.956567,0.018548,0.278075,0.005391,0.303952,0.011873,5567.90,66.90,True
117552,B458/S02567,False,1.138636,0.101073,0,10,0.173670,0.050202,0.001128,0.000691,0.033095,0.014182,17.30,10.70,True
117560,B3458/S02567,False,1.315694,0.002948,0,10,0.910039,0.011714,0.269612,0.009236,0.325045,0.007166,5365.40,63.60,True
117588,B2468/S02567,False,1.860581,0.003337,0,10,1.000000,0.000000,0.449908,0.003568,0.449908,0.003568,9006.80,70.00,True
118033,B048/S12567,False,1.460147,0.003369,0,10,0.934564,0.020659,0.280849,0.009826,0.321246,0.005677,5636.80,65.20,True
118056,B358/S12567,False,1.755410,0.001985,0,10,1.000000,0.000000,0.437353,0.006794,0.437353,0.006794,8699.40,70.00,True
118092,B2368/S12567,False,1.474007,0.002021,0,10,0.989336,0.010021,0.387416,0.007446,0.395824,0.009160,7727.60,69.20,True
118097,B0468/S12567,False,1.538754,0.007669,0,10,0.973548,0.017922,0.313598,0.005823,0.330993,0.011805,6228.60,68.10,True
118146,B178/S12567,False,1.223872,0.072413,0,10,0.207755,0.027610,0.006543,0.001755,0.146111,0.043653,100.50,12.80,True
118274,B1/S012567,False,1.435905,0.165241,0,10,0.115239,0.043586,0.002001,0.000919,0.111978,0.055853,30.90,7.10,True
118380,B2356/S012567,False,1.177483,0.032233,0,10,0.538278,0.082638,0.035172,0.009675,0.118762,0.015377,564.60,33.60,True
118412,B237/S012567,False,1.364035,0.001747,0,10,0.960653,0.018360,0.352924,0.010603,0.382472,0.016346,7051.20,67.30,True
118526,B1234567/S012567,False,0.972970,0.004451,0,10,0.745863,0.262917,0.154946,0.054975,0.225324,0.080706,3130.60,52.20,True
118654,B1234568/S012567,False,1.206094,0.002343,0,10,0.885873,0.021251,0.210599,0.004223,0.268172,0.011009,4231.90,62.00,True
118738,B14678/S012567,False,1.669427,0.002343,0,10,0.996970,0.006409,0.417440,0.008454,0.420001,0.009547,8368.20,69.80,True
118948,B257/S3567,False,1.771212,0.002447,0,10,1.000000,0.000000,0.437507,0.005825,0.437507,0.005825,8758.80,70.00,True
119038,B1234567/S3567,False,1.095254,0.006142,0,10,0.863781,0.031112,0.184791,0.005187,0.247847,0.016781,3752.90,60.40,True
119106,B168/S3567,False,1.490088,0.001795,0,10,0.954472,0.016770,0.284244,0.007209,0.311858,0.007460,5679.50,66.80,True
119236,B2678/S3567,False,1.673990,0.001989,0,10,0.999916,0.000266,0.367631,0.003526,0.367693,0.003508,7385.30,69.90,True
119268,B25678/S3567,False,1.443744,0.023504,0,10,0.961651,0.014376,0.312689,0.007445,0.338001,0.007278,6240.00,67.10,True
119276,B235678/S3567,False,1.256730,0.008186,0,10,0.897359,0.020514,0.231654,0.009588,0.287215,0.007883,4587.10,62.90,True
119822,B123/S13567,False,1.444866,0.002403,0,10,0.954363,0.014243,0.344149,0.007686,0.377808,0.014079,6934.20,66.90,True
119962,B1347/S13567,False,1.594329,0.009664,0,10,0.971422,0.015027,0.319846,0.011973,0.338865,0.012554,6421.70,68.00,True
120080,B48/S13567,False,1.614261,0.050508,0,10,0.149324,0.053995,0.000639,0.000449,0.033755,0.035547,9.80,9.20,True
120150,B12468/S13567,False,1.830031,0.016196,0,10,0.996863,0.006619,0.366425,0.008142,0.368696,0.006064,7311.10,69.80,True
120214,B12478/S13567,False,1.862559,0.007150,0,10,0.998121,0.005106,0.412146,0.010446,0.413639,0.007454,8221.70,69.80,True
120384,B6/S013567,False,1.660490,0.038337,0,10,0.051939,0.026283,0.000293,0.000185,0.172886,0.293637,4.50,3.20,False
120388,B26/S013567,False,1.763264,0.002009,0,10,0.998033,0.005127,0.411686,0.009211,0.413261,0.006269,8177.10,69.80,True
120646,B1268/S013567,False,1.597727,0.001939,0,10,0.991196,0.007940,0.393563,0.008036,0.400576,0.008869,7921.10,69.30,True
120654,B12368/S013567,False,1.573111,0.002933,0,10,0.987123,0.013009,0.361817,0.007401,0.371279,0.005765,7228.00,69.10,True
121238,B12478/S23567,False,1.726153,0.008277,0,10,0.993038,0.010245,0.377710,0.004790,0.383071,0.007293,7570.00,69.50,True
121358,B123/S023567,False,1.313835,0.003111,0,10,0.933581,0.021921,0.312619,0.008254,0.358868,0.019483,6293.10,65.30,True
121462,B12456/S023567,False,1.209091,0.060104,0,10,0.319748,0.080630,0.008002,0.003720,0.073859,0.018475,123.40,19.70,True
121556,B2467/S023567,False,1.571532,0.014685,0,10,0.973296,0.010447,0.300014,0.002699,0.316672,0.007467,5978.20,68.20,True
121598,B1234567/S023567,False,1.068426,0.003695,0,10,0.842311,0.033892,0.174016,0.010055,0.245345,0.020616,3528.80,59.00,True
121892,B25/S123567,False,1.591303,0.003893,0,10,0.986048,0.011651,0.359088,0.008635,0.369253,0.005939,7193.10,68.80,True
122148,B258/S123567,False,1.604869,0.001976,0,10,0.988979,0.009341,0.388047,0.004732,0.396750,0.007292,7755.50,69.20,True
122348,B235678/S123567,False,1.227289,0.002492,0,10,0.900931,0.033854,0.223645,0.013206,0.275231,0.012065,4532.30,62.80,True
122362,B1345678/S123567,False,1.227419,0.008374,0,10,0.844350,0.039462,0.190866,0.011658,0.267708,0.018552,3939.60,59.10,True
122408,B35/S0123567,False,1.632287,0.012536,0,10,0.934796,0.029371,0.241517,0.016708,0.276030,0.011807,4821.10,65.10,True
122492,B23456/S0123567,False,1.184072,0.043985,0,10,0.297278,0.053361,0.009106,0.002627,0.101858,0.030384,142.60,18.50,True
122638,B1238/S0123567,False,1.253385,0.017135,0,10,0.808465,0.053336,0.105016,0.015987,0.159133,0.013270,1720.60,55.10,True
122742,B124568/S0123567,False,1.379575,0.002505,0,10,0.953204,0.022054,0.252841,0.007501,0.278249,0.008799,5060.40,66.40,True
122802,B14578/S0123567,False,1.493785,0.002729,0,10,0.966346,0.010015,0.295992,0.004263,0.316835,0.004819,5907.80,67.70,True
122828,B23678/S0123567,False,1.374343,0.006831,0,10,0.966412,0.012144,0.309117,0.009062,0.330942,0.012148,6205.60,67.60,True
122842,B134678/S0123567,False,1.435873,0.006855,0,10,0.956564,0.012653,0.277548,0.004188,0.303181,0.004308,5531.60,66.80,True
122846,B1234678/S0123567,False,1.329797,0.003430,0,10,0.843249,0.296575,0.223391,0.078669,0.254483,0.090231,4464.90,58.90,True
122848,B5678/S0123567,False,1.148301,0.107478,0,10,0.207755,0.074889,0.004027,0.001664,0.117391,0.115981,61.60,12.80,True
122898,B14/S4567,False,1.167150,0.049017,0,10,0.282417,0.066351,0.008426,0.002987,0.102104,0.029129,129.00,17.40,True
123000,B3456/S4567,False,1.156627,0.022435,0,10,0.078477,0.052969,0.000784,0.000477,0.113880,0.083456,12.50,4.90,False
123276,B2378/S4567,False,1.200683,0.073224,0,10,0.679055,0.035446,0.104405,0.017990,0.224064,0.028232,2065.90,47.40,True
123490,B156/S04567,False,1.280596,0.177961,0,10,0.228377,0.094528,0.005320,0.003263,0.076314,0.037020,81.30,14.10,True
123916,B23/S14567,False,1.344053,0.065990,0,10,0.183409,0.064494,0.004113,0.002149,0.114136,0.042071,62.80,11.30,True
123950,B1235/S14567,False,1.384626,0.101522,0,10,0.053562,0.021709,0.000707,0.000314,0.201554,0.090263,10.80,3.30,False
123984,B46/S14567,False,1.447030,0.041597,0,10,0.232102,0.055201,0.004791,0.002304,0.090797,0.053969,74.00,14.30,True
124324,B2578/S14567,False,1.390574,0.014541,0,10,0.906610,0.023261,0.250850,0.007087,0.305133,0.013658,5040.90,63.10,True
124326,B12578/S14567,False,1.326798,0.003372,0,10,0.892336,0.025570,0.233409,0.007639,0.293129,0.017064,4703.10,62.60,True
124577,B057/S014567,False,1.375836,0.125133,0,10,0.215577,0.054073,0.005151,0.002296,0.103802,0.030426,79.00,13.30,True
124658,B14567/S014567,False,0.948733,0.024332,0,10,0.715264,0.255043,0.160226,0.058490,0.252839,0.090157,3248.70,50.10,True
124732,B23458/S014567,False,1.259339,0.041507,0,10,0.132137,0.052125,0.002119,0.001248,0.110876,0.046689,32.70,8.00,True
124740,B268/S014567,False,1.465377,0.009913,0,10,0.865892,0.032912,0.204163,0.013549,0.272724,0.026591,3984.00,60.30,True
124804,B278/S014567,False,1.495262,0.004863,0,10,0.942085,0.014486,0.293925,0.010527,0.330882,0.009850,5894.40,66.00,True
124982,B1245/S24567,False,1.211694,0.107904,0,10,0.064924,0.025377,0.000828,0.000351,0.169221,0.064588,12.70,4.00,False
125054,B123456/S24567,False,1.142553,0.033741,0,10,0.072942,0.035888,0.000798,0.000535,0.128494,0.051332,12.10,4.40,False
125106,B1457/S24567,False,1.227494,0.054323,0,10,0.490710,0.181546,0.022960,0.009619,0.079077,0.038621,381.00,31.90,True
125212,B2348/S24567,False,1.194722,0.106668,0,10,0.097385,0.056744,0.001189,0.000961,0.119810,0.064925,18.90,6.00,False
125214,B12348/S24567,False,1.206744,0.076640,0,10,0.129084,0.035863,0.002581,0.001152,0.135248,0.016399,40.20,8.00,True
125217,B058/S24567,False,1.258789,0.049011,0,10,0.652021,0.039973,0.082622,0.017298,0.190697,0.021482,1521.50,44.70,True
125242,B13458/S24567,False,1.359544,0.052944,0,10,0.174054,0.057733,0.003288,0.001631,0.106411,0.044524,50.00,10.80,True
125282,B1568/S24567,False,1.185262,0.019698,0,10,0.867638,0.021096,0.201774,0.009996,0.267665,0.014297,4017.90,60.90,True
125586,B147/S024567,False,1.300607,0.071559,0,10,0.299508,0.036457,0.010991,0.003475,0.118118,0.028280,169.00,18.50,True
125644,B2367/S024567,False,1.319232,0.017071,0,10,0.763269,0.029516,0.124962,0.013146,0.213210,0.012864,2444.00,52.40,True
125768,B368/S024567,False,1.411370,0.019513,0,10,0.746582,0.055679,0.109118,0.015792,0.195302,0.023369,2034.20,51.10,True
125786,B13468/S024567,False,1.352991,0.023323,0,10,0.788585,0.033185,0.131837,0.017474,0.210705,0.019359,2607.90,55.00,True
125788,B23468/S024567,False,1.299641,0.011635,0,10,0.793174,0.025323,0.127022,0.014248,0.201002,0.019013,2484.80,54.80,True
125846,B12478/S024567,False,1.313119,0.028983,0,10,0.811800,0.020947,0.146650,0.010284,0.221961,0.015040,2894.00,55.70,True
125892,B2678/S024567,False,1.405188,0.016547,0,10,0.864421,0.032972,0.232315,0.013161,0.310442,0.013135,4636.20,60.30,True
125904,B4678/S024567,False,1.255268,0.012156,0,10,0.878062,0.032284,0.245496,0.015221,0.318236,0.021886,4949.10,61.70,True
125992,B35/S124567,False,1.500154,0.088132,0,10,0.090130,0.022492,0.001161,0.000360,0.133977,0.067607,17.90,5.60,False
126144,B67/S124567,False,1.467246,0.045670,0,10,0.042200,0.039164,0.000326,0.000293,0.151439,0.126501,5.00,2.60,False
126262,B12458/S124567,False,1.284028,0.076071,0,10,0.154859,0.055848,0.002647,0.001521,0.096458,0.027131,40.70,9.60,True
126320,B4568/S124567,False,1.059251,0.002155,0,10,0.854835,0.022111,0.187998,0.006079,0.257194,0.015454,3768.90,59.20,True
126382,B123578/S124567,False,1.358167,0.004054,0,10,0.899857,0.025205,0.219142,0.008990,0.270406,0.011984,4392.80,62.90,True
126596,B27/S0124567,False,1.334392,0.027572,0,10,0.715219,0.050612,0.086774,0.022408,0.169918,0.048542,1609.20,48.80,True
126721,B08/S0124567,False,1.484653,0.025778,0,10,0.064064,0.026056,0.000782,0.000404,0.171682,0.103369,12.00,3.90,False
126794,B1368/S0124567,False,1.402336,0.033075,0,10,0.738981,0.057142,0.105542,0.013174,0.193681,0.027080,1974.10,51.20,True
126824,B3568/S0124567,False,1.326403,0.009495,0,10,0.872964,0.016005,0.198615,0.007214,0.260348,0.013973,3964.70,60.90,True
126932,B24678/S0124567,False,1.365541,0.009752,0,10,0.900790,0.020441,0.245734,0.006528,0.302549,0.010061,4901.10,63.10,True
127048,B36/S34567,False,1.448161,0.097766,0,10,0.077048,0.024473,0.001179,0.000688,0.159196,0.055127,17.90,4.70,False
127050,B136/S34567,False,1.387503,0.004433,0,10,0.076285,0.028680,0.001038,0.000545,0.158041,0.074693,16.00,4.70,False
127064,B346/S34567,False,1.394032,0.004701,0,10,0.049553,0.023039,0.000525,0.000299,0.148070,0.095622,8.00,3.10,False
127332,B2568/S34567,False,1.725977,0.071177,0,10,0.341412,0.067470,0.013202,0.004050,0.110704,0.024139,203.60,21.20,True
127514,B134/S034567,False,0.900621,0.070843,0,10,0.029216,0.012803,0.000248,0.000101,0.213823,0.119793,3.80,1.80,False
127728,B4567/S034567,False,0.788455,0.038800,0,10,0.414284,0.357467,0.055956,0.048785,0.116926,0.101973,1029.80,28.60,True
127745,B08/S034567,False,1.385650,0.001183,0,10,0.043823,0.050672,0.000500,0.000698,0.317231,0.371711,7.90,2.70,False
127834,B13468/S034567,False,1.392755,0.005164,0,10,0.211570,0.051525,0.005160,0.002139,0.108368,0.025330,78.10,13.20,True
127970,B15678/S034567,False,1.090308,0.169543,0,10,0.710071,0.250634,0.157009,0.055910,0.251901,0.091026,3192.60,49.70,True
128018,B14/S134567,False,1.411690,0.099443,0,10,0.048693,0.010821,0.000541,0.000273,0.172855,0.085021,8.30,3.00,False
128020,B24/S134567,False,1.321934,0.152059,0,10,0.029216,0.018427,0.000313,0.000246,0.296417,0.260300,4.80,1.80,False
128036,B25/S134567,False,1.544539,0.135750,0,10,0.055948,0.023758,0.000685,0.000447,0.174130,0.084054,10.50,3.40,False
128074,B136/S134567,False,1.386162,0.000073,0,10,0.094902,0.033346,0.001144,0.000542,0.129070,0.083033,17.60,5.80,False
128118,B12456/S134567,False,1.293661,0.088481,0,10,0.085260,0.015382,0.000872,0.000315,0.101640,0.028079,13.40,5.30,False
128236,B23567/S134567,False,1.345144,0.204120,0,10,0.563697,0.048152,0.034951,0.009354,0.108009,0.022989,575.70,36.40,True
128344,B3468/S134567,False,1.395875,0.006501,0,10,0.257688,0.092230,0.004554,0.001179,0.085360,0.051069,69.30,15.90,True
128392,B378/S134567,False,1.253441,0.068424,0,10,0.093852,0.075889,0.001405,0.001354,0.152705,0.161609,21.60,5.80,False
128478,B1234678/S134567,False,1.169912,0.042964,0,10,0.707389,0.249521,0.140269,0.049807,0.226343,0.080620,2785.70,49.60,True
128580,B26/S0134567,False,1.390496,0.011894,0,10,0.083541,0.031577,0.001095,0.000431,0.150981,0.072905,16.80,5.10,False
128766,B1234567/S0134567,False,0.956018,0.022647,0,10,0.273291,0.353474,0.029608,0.038961,0.062976,0.082485,563.50,18.60,True
128784,B48/S0134567,False,1.521262,0.069037,0,10,0.069030,0.039971,0.000757,0.000510,0.145607,0.070562,11.70,4.30,False
128984,B34678/S0134567,False,1.235080,0.066085,0,10,0.816929,0.029597,0.169248,0.012477,0.253539,0.023369,3431.70,57.30,True
129216,B67/S234567,False,1.385771,0.000599,0,10,0.048693,0.040306,0.000457,0.000415,0.172638,0.132066,7.00,3.00,False
129294,B1238/S234567,False,0.909985,0.056654,0,10,0.015468,0.020472,0.000134,0.000093,0.647169,0.456374,2.10,1.00,False
129380,B2568/S234567,False,1.760103,0.008352,0,10,0.228102,0.050479,0.005306,0.001553,0.104313,0.040959,81.70,14.00,True
129442,B1578/S234567,False,1.528965,0.010950,0,10,0.237836,0.142829,0.007877,0.004963,0.089684,0.058412,119.40,14.60,True
129526,B1245678/S234567,False,1.071970,0.018262,0,10,0.637724,0.226879,0.114510,0.040573,0.227605,0.082079,2277.70,45.10,True
129744,B467/S0234567,False,1.692056,0.017172,0,10,0.169472,0.030905,0.003363,0.000858,0.111417,0.029238,49.60,10.30,True
130008,B34678/S0234567,False,1.398619,0.001406,0,10,0.664347,0.236260,0.102174,0.037216,0.186753,0.067489,1941.60,46.10,True
130200,B347/S1234567,False,1.100414,0.005613,0,10,0.067348,0.040046,0.000801,0.000445,0.157767,0.110788,11.80,4.10,False
130290,B14567/S1234567,False,1.111245,0.164338,0,10,0.266779,0.144463,0.007356,0.004310,0.064085,0.036621,119.60,16.50,True
130292,B24567/S1234567,False,1.248029,0.129521,0,10,0.151826,0.109021,0.002702,0.002020,0.055015,0.040447,42.00,9.40,True
130305,B08/S1234567,False,0.806127,0.106436,0,10,0.005536,0.010122,0.000087,0.000041,0.802196,0.295340,1.20,0.20,False
130570,B13/S01234567,False,0.997487,0.344445,0,10,0.012985,0.006844,0.000156,0.000063,0.444444,0.300890,2.40,0.80,False
130592,B5/S01234567,False,1.489802,0.023400,0,10,0.068170,0.025145,0.000691,0.000333,0.122736,0.035457,10.60,4.20,False
130708,B247/S01234567,False,1.527576,0.106577,0,10,0.099675,0.029219,0.001264,0.000452,0.115074,0.037316,19.30,6.00,False
130730,B1357/S01234567,False,1.553004,0.059708,0,10,0.122228,0.036927,0.001498,0.000557,0.094520,0.030977,23.40,7.60,True
130974,B123478/S01234567,False,1.118872,0.051396,0,10,0.238318,0.181229,0.005843,0.004776,0.054339,0.046644,91.30,14.90,True
130990,B123578/S01234567,False,1.522148,0.016651,0,10,0.555455,0.033789,0.035073,0.005968,0.111934,0.016060,549.30,36.30,True
131494,B12578/S8,False,1.182079,0.001834,0,10,0.754884,0.266249,0.194936,0.068763,0.276604,0.097958,4014.60,52.70,True
131500,B23578/S8,False,1.395598,0.001427,0,10,0.925075,0.020973,0.302815,0.009715,0.353548,0.009844,6047.20,64.90,True
131650,B16/S08,False,1.276902,0.002814,0,10,0.795721,0.281277,0.179086,0.063601,0.228823,0.080834,3586.40,55.60,True
131830,B124567/S08,False,1.132336,0.039500,0,10,0.194771,0.039757,0.004200,0.001260,0.106841,0.032371,64.60,12.00,True
131888,B458/S08,False,0.039258,0.108052,0,10,0.017854,0.017862,0.000052,0.000051,0.042304,0.044797,0.80,1.10,False
131994,B13478/S08,False,1.358222,0.002658,0,10,0.917745,0.027623,0.280613,0.008038,0.333235,0.016104,5638.70,64.10,True
131998,B123478/S08,False,0.870495,0.027914,0,10,0.459584,0.046011,0.032237,0.009612,0.146486,0.027362,581.00,30.90,True
132000,B578/S08,False,0.000000,0.000000,0,10,0.021100,0.015398,0.000098,0.000055,0.201859,0.296981,1.50,1.30,False
132076,B235678/S08,False,1.266066,0.002856,0,10,0.868132,0.027278,0.248586,0.009485,0.329678,0.018089,5004.20,60.50,True
132086,B1245678/S08,False,1.131469,0.046109,0,10,0.168801,0.042738,0.004355,0.001845,0.141375,0.047242,66.70,10.40,True
132122,B134/S18,False,1.354021,0.001022,0,10,0.822407,0.289127,0.255112,0.089906,0.305181,0.107775,5130.20,57.50,True
132284,B23457/S18,False,0.981965,0.060551,0,10,0.299556,0.127805,0.013603,0.008810,0.116930,0.060368,232.70,19.70,True
133260,B237/S28,False,1.207543,0.003807,0,10,0.897887,0.020461,0.273115,0.006050,0.338404,0.009914,5484.60,63.00,True
133272,B347/S28,False,1.459455,0.151167,0,10,0.096907,0.116885,0.000235,0.000289,0.008041,0.011835,3.60,5.90,False
133522,B1478/S28,False,1.696712,0.001524,0,10,0.998377,0.005133,0.374265,0.004080,0.375492,0.005004,7515.20,69.90,True
133558,B124578/S28,False,1.439650,0.002459,0,10,0.935073,0.020236,0.322591,0.008747,0.368725,0.010082,6466.50,65.60,True
133588,B24678/S28,False,1.788361,0.001909,0,10,1.000000,0.000000,0.426491,0.005926,0.426491,0.005926,8506.50,70.00,True
133628,B2345678/S28,False,0.828186,0.048441,0,10,0.095899,0.063266,0.001454,0.001047,0.111397,0.057688,22.90,6.00,False
133890,B18/S028,False,1.433132,0.002524,0,10,0.844144,0.297037,0.226402,0.080101,0.257163,0.090921,4531.50,59.30,True
133938,B1458/S028,False,1.574901,0.002454,0,10,0.880676,0.309613,0.329176,0.115774,0.343739,0.121013,6595.50,61.60,True
133942,B12458/S028,False,1.402041,0.006093,0,10,0.841621,0.296502,0.282615,0.099507,0.323348,0.114921,5660.20,58.60,True
134058,B13578/S028,False,1.882721,0.002238,0,10,1.000000,0.000000,0.434850,0.003728,0.434850,0.003728,8665.00,70.00,True
134158,B123/S128,False,0.878510,0.009045,0,10,0.563433,0.389826,0.144880,0.100259,0.223600,0.155675,2888.60,39.50,True
134414,B1238/S128,False,0.867287,0.014104,0,10,0.721065,0.254859,0.173381,0.061876,0.269522,0.096508,3507.90,50.30,True
134872,B3467/S0128,False,1.349384,0.001317,0,10,0.896319,0.024540,0.284748,0.008948,0.354098,0.011532,5692.90,62.80,True
135086,B123578/S0128,False,1.218320,0.007059,0,10,0.888533,0.017360,0.265983,0.008252,0.336517,0.011997,5347.80,62.00,True
135104,B678/S0128,False,0.028032,0.007020,0,10,0.012985,0.006844,0.000137,0.000094,0.233333,0.161015,2.10,0.80,False
135150,B1235678/S0128,False,1.169165,0.002545,0,10,0.838140,0.018823,0.234155,0.009208,0.332576,0.014431,4711.60,58.60,True
135246,B1236/S38,False,1.265001,0.003183,0,10,0.901638,0.018509,0.282578,0.010577,0.347070,0.010417,5663.80,63.20,True
135456,B58/S38,False,1.386294,0.000000,0,10,0.000000,0.000000,0.000000,0.000000,0.000000,0.000000,0.00,0.00,False
135484,B23458/S38,False,1.102008,0.004321,0,10,0.749609,0.264292,0.213593,0.075792,0.307240,0.109138,4357.60,52.40,True
136316,B23456/S138,False,1.097027,0.007290,0,10,0.788261,0.024780,0.203989,0.006436,0.327524,0.016711,4101.50,55.10,True
136454,B128/S138,False,1.333175,0.007471,0,10,0.829725,0.291956,0.260826,0.092478,0.306553,0.108556,5288.90,58.10,True
136538,B13468/S138,False,1.673332,0.001799,0,10,0.996754,0.006844,0.420749,0.005541,0.423480,0.004879,8446.00,69.80,True
136916,B2467/S0138,False,1.950840,0.001327,0,10,1.000000,0.000000,0.460334,0.005045,0.460334,0.005045,9222.30,70.00,True
136932,B2567/S0138,False,1.756989,0.001518,0,10,1.000000,0.000000,0.416352,0.004221,0.416352,0.004221,8270.70,70.00,True
136950,B124567/S0138,False,1.502107,0.002622,0,10,0.917602,0.018555,0.321305,0.008609,0.381283,0.011644,6442.30,63.90,True
137106,B1478/S0138,False,1.772182,0.001773,0,10,1.000000,0.000000,0.419984,0.006368,0.419984,0.006368,8411.20,70.00,True
137168,B4678/S0138,False,1.452454,0.071404,0,10,0.074662,0.017448,0.000613,0.000275,0.096464,0.050741,9.40,4.60,False
137360,B47/S238,False,1.240100,0.108727,0,10,0.048693,0.039014,0.000287,0.000287,0.059680,0.082228,4.40,3.00,False
137436,B23467/S238,False,1.158933,0.003421,0,10,0.885670,0.023940,0.275969,0.009727,0.351399,0.012708,5545.40,61.90,True
137506,B158/S238,False,1.446078,0.001051,0,10,0.957954,0.015281,0.308605,0.010126,0.336312,0.015555,6181.40,67.20,True
137884,B2347/S0238,False,1.105689,0.003174,0,10,0.892365,0.021616,0.277257,0.008360,0.347792,0.012695,5576.90,62.40,True
138120,B378/S0238,False,1.404697,0.004210,0,10,0.901878,0.026030,0.175460,0.015195,0.215829,0.020610,3486.60,62.50,True
138218,B135678/S0238,False,1.612682,0.002656,0,10,0.973415,0.007792,0.385778,0.008795,0.407036,0.011458,7713.40,68.30,True
138264,B34/S1238,False,1.172952,0.003868,0,10,0.720776,0.380403,0.221811,0.117273,0.273181,0.145016,4477.90,50.50,True
138410,B1357/S1238,False,1.712970,0.001003,0,10,1.000000,0.000000,0.433454,0.006385,0.433454,0.006385,8636.70,70.00,True
138502,B128/S1238,False,0.986746,0.053562,0,10,0.609435,0.219473,0.051434,0.021312,0.112572,0.048455,913.40,40.50,True
138528,B58/S1238,False,1.107767,0.034531,0,10,0.051939,0.031361,0.000532,0.000337,0.140453,0.088725,8.20,3.20,False
139200,B678/S01238,False,0.391156,0.164509,0,10,0.016231,0.013252,0.000202,0.000099,0.518667,0.350357,3.10,1.00,False
139300,B25/S48,False,1.607147,0.001429,0,10,0.996863,0.006619,0.332112,0.004164,0.334208,0.004537,6608.50,69.80,True
139466,B1367/S48,False,1.810311,0.001571,0,10,1.000000,0.000000,0.416345,0.003851,0.416345,0.003851,8273.40,70.00,True
139714,B1678/S48,False,1.362997,0.001552,0,10,0.935597,0.023287,0.241801,0.009392,0.276128,0.010647,4876.20,65.40,True
139716,B2678/S48,False,1.505739,0.001492,0,10,0.981581,0.008891,0.288891,0.006043,0.299778,0.006515,5750.40,68.60,True
139882,B1356/S048,False,1.893723,0.001623,0,10,1.000000,0.000000,0.457478,0.006072,0.457478,0.006072,9089.30,70.00,True
139898,B13456/S048,False,1.456448,0.002862,0,10,0.952814,0.009284,0.350529,0.004109,0.385894,0.005525,7020.60,66.50,True
140102,B1268/S048,False,1.443642,0.001317,0,10,0.972109,0.016298,0.344576,0.010096,0.364683,0.013756,6882.90,67.90,True
140302,B123/S148,False,1.349979,0.002753,0,10,0.942818,0.016248,0.319420,0.008794,0.359159,0.010568,6374.90,65.80,True
140386,B156/S148,False,1.469924,0.001825,0,10,0.982344,0.009693,0.329961,0.006999,0.341907,0.009009,6599.00,68.70,True
140700,B23478/S148,False,1.439992,0.001648,0,10,0.972332,0.012590,0.369804,0.009736,0.390988,0.007093,7387.50,67.90,True
140730,B134578/S148,False,1.578482,0.002125,0,10,0.992016,0.011381,0.404038,0.008547,0.410529,0.006411,8083.40,69.40,True
140814,B123/S0148,False,1.330600,0.005782,0,10,0.932223,0.020996,0.310403,0.006023,0.357093,0.012583,6220.80,65.50,True
141542,B12567/S248,False,1.704196,0.001263,0,10,1.000000,0.000000,0.434954,0.004579,0.434954,0.004579,8688.50,70.00,True
141552,B4567/S248,False,1.426905,0.067053,0,10,0.144455,0.026997,0.000639,0.000197,0.029210,0.011553,9.90,8.90,True
141620,B2458/S248,False,1.774925,0.001287,0,10,1.000000,0.000000,0.464883,0.002523,0.464883,0.002523,9261.70,70.00,True
141628,B23458/S248,False,1.363648,0.002429,0,10,0.958308,0.016817,0.339731,0.005805,0.369903,0.011377,6833.20,67.10,True
141688,B34568/S248,False,1.490114,0.002235,0,10,0.965136,0.015756,0.358891,0.007823,0.385264,0.011688,7189.40,67.60,True
141740,B23578/S248,False,1.902607,0.002258,0,10,1.000000,0.000000,0.466815,0.004275,0.466815,0.004275,9309.40,70.00,True
141804,B235678/S248,False,1.781774,0.002622,0,10,0.998377,0.005133,0.428395,0.005396,0.429783,0.004977,8570.00,69.90,True
141880,B345/S0248,False,1.542187,0.001910,0,10,0.978660,0.007399,0.375411,0.007981,0.391932,0.011080,7502.80,68.40,True
141916,B2346/S0248,False,1.612188,0.004082,0,10,0.994231,0.007735,0.410723,0.005202,0.415556,0.009149,8214.20,69.60,True
142294,B124678/S0248,False,1.892052,0.001139,0,10,1.000000,0.000000,0.476713,0.003625,0.476713,0.003625,9507.80,70.00,True
142296,B34678/S0248,False,1.740792,0.001063,0,10,1.000000,0.000000,0.444629,0.003844,0.444629,0.003844,8884.10,70.00,True
142380,B235/S1248,False,1.814232,0.002485,0,10,1.000000,0.000000,0.442410,0.004869,0.442410,0.004869,8803.90,70.00,True
143228,B234568/S01248,False,1.274609,0.002538,0,10,0.881652,0.023060,0.270308,0.008378,0.347667,0.019786,5400.80,61.40,True
143266,B1578/S01248,False,1.431165,0.022180,0,10,0.607805,0.078818,0.048200,0.007222,0.131599,0.024953,800.60,39.70,True
143308,B23678/S01248,False,1.646134,0.003488,0,10,0.998377,0.005133,0.412648,0.006895,0.414006,0.007924,8243.90,69.90,True
143380,B24/S348,False,1.699474,0.002150,0,10,1.000000,0.000000,0.437013,0.007366,0.437013,0.007366,8708.70,70.00,True
143876,B2/S0348,False,1.533077,0.002549,0,10,0.965143,0.021806,0.330590,0.013182,0.354768,0.011196,6622.30,67.60,True
144026,B1347/S0348,False,1.444939,0.001070,0,10,0.989588,0.007434,0.402099,0.007933,0.410628,0.010988,8054.10,69.30,True
144116,B24567/S0348,False,1.451612,0.002587,0,10,0.952679,0.024869,0.348582,0.011359,0.383978,0.010787,6986.30,66.80,True
144362,B135678/S0348,False,1.660073,0.001905,0,10,0.991590,0.009151,0.410057,0.007553,0.417064,0.009432,8179.40,69.40,True
144442,B1345/S1348,False,1.348362,0.001110,0,10,0.873338,0.307058,0.320928,0.113098,0.340859,0.120607,6425.00,61.00,True
144972,B236/S01348,False,1.539628,0.002073,0,10,0.990370,0.011109,0.400028,0.008327,0.407890,0.011327,8022.00,69.40,True
145410,B1/S2348,False,1.242345,0.106706,0,10,0.077145,0.031950,0.001041,0.000580,0.155797,0.072415,15.90,4.80,False
145536,B7/S2348,False,1.098324,0.000069,0,10,0.021100,0.020316,0.000170,0.000154,0.134420,0.125322,2.60,1.30,False
145668,B28/S2348,False,1.198633,0.043090,0,10,0.086787,0.043119,0.001248,0.000857,0.132384,0.036473,19.30,5.30,False
145700,B258/S2348,False,1.532597,0.001494,0,10,0.981290,0.009147,0.381623,0.004843,0.396267,0.006459,7658.60,68.60,True
146312,B378/S02348,False,1.265921,0.017287,0,10,0.800750,0.038560,0.169393,0.012829,0.263926,0.022016,3395.70,55.70,True
146512,B46/S12348,False,1.370878,0.006906,0,10,0.858235,0.020634,0.197105,0.019148,0.267221,0.025956,3924.10,59.90,True
146682,B134567/S12348,False,1.122153,0.002891,0,10,0.832596,0.016287,0.237015,0.008678,0.340933,0.007706,4781.80,58.10,True
146810,B134568/S12348,False,1.188664,0.003522,0,10,0.785533,0.276398,0.239317,0.084980,0.313432,0.110952,4816.10,55.20,True
146840,B3478/S12348,False,1.167422,0.002154,0,10,0.928461,0.016363,0.320848,0.011268,0.371725,0.007321,6448.90,65.10,True
146844,B23478/S12348,False,1.058482,0.002189,0,10,0.900050,0.021971,0.282418,0.013740,0.348033,0.010344,5688.70,63.10,True
146848,B578/S12348,False,1.415565,0.071417,0,10,0.097385,0.037012,0.001310,0.000711,0.124549,0.047078,20.10,6.00,False
147044,B256/S012348,False,1.426433,0.001381,0,10,0.850003,0.298897,0.305881,0.107841,0.342800,0.121195,6129.70,59.50,True
147234,B158/S012348,False,1.284358,0.005007,0,10,0.757657,0.047733,0.141849,0.025481,0.243956,0.021925,2788.10,52.20,True
147472,B4/S58,False,-inf,,10,10,0.000000,0.000000,0.000000,0.000000,0.000000,0.000000,0.00,0.00,False
147474,B14/S58,False,1.523395,0.001030,0,10,0.985762,0.009884,0.311620,0.004412,0.320673,0.006129,6222.80,69.00,True
147512,B345/S58,False,0.844491,0.020934,0,10,0.733703,0.030833,0.099400,0.009943,0.183632,0.010316,2022.90,51.20,True
147586,B17/S58,False,1.274890,0.004706,0,10,0.800280,0.282977,0.178706,0.063370,0.225855,0.079954,3578.50,55.90,True
147652,B267/S58,False,1.425212,0.002005,0,10,0.966820,0.020356,0.250982,0.011628,0.268444,0.011067,5049.60,67.60,True
148016,B45/S058,False,0.002720,0.003397,0,10,0.050316,0.025890,0.000176,0.000119,0.049498,0.035105,2.70,3.10,False
148264,B358/S058,False,1.272512,0.212146,0,10,0.120108,0.023208,0.000645,0.000218,0.041360,0.016265,9.90,7.40,True
148422,B12678/S058,False,1.327228,0.002425,0,10,0.943181,0.007754,0.306628,0.008486,0.344413,0.009611,6109.30,66.00,True
148482,B1/S158,False,1.311704,0.002165,0,10,0.831546,0.292854,0.217638,0.077408,0.254495,0.089518,4394.70,58.00,True
148508,B234/S158,False,1.412764,0.001718,0,10,0.932579,0.018955,0.321411,0.005817,0.369425,0.012208,6440.90,65.20,True
148656,B457/S158,False,0.700233,0.022374,0,10,0.051939,0.028423,0.000287,0.000182,0.077281,0.056828,4.40,3.20,False
148740,B28/S158,False,1.568144,0.002029,0,10,0.978370,0.015037,0.306259,0.007976,0.319993,0.010980,6156.30,68.50,True
148888,B3478/S158,False,1.423440,0.024232,0,10,0.838869,0.055000,0.063958,0.016238,0.089196,0.022046,747.00,54.60,True
149042,B145/S0158,False,1.390467,0.002907,0,10,0.973055,0.016554,0.339917,0.006068,0.359045,0.010502,6791.20,68.10,True
149196,B2367/S0158,False,1.519564,0.001067,0,10,0.979317,0.013550,0.367844,0.008854,0.383542,0.010469,7363.90,68.50,True
149344,B568/S0158,False,0.127684,0.149757,0,10,0.040577,0.013794,0.000293,0.000182,0.113896,0.037376,4.50,2.50,False
149506,B1/S258,False,1.478416,0.001558,0,10,0.964501,0.014562,0.288303,0.007013,0.309781,0.005621,5778.50,67.50,True
149600,B56/S258,False,1.227171,0.069142,0,10,0.016231,0.027587,0.000059,0.000094,0.019407,0.038553,0.90,1.00,False
149896,B378/S258,False,1.679443,0.007306,0,10,0.039051,0.051863,0.000131,0.000180,0.012066,0.015874,2.20,2.50,False
149940,B24578/S258,False,1.744150,0.001318,0,10,1.000000,0.000000,0.454760,0.003572,0.454760,0.003572,9099.30,70.00,True
149952,B678/S258,False,1.098612,0.000000,0,10,0.000000,0.000000,0.000000,0.000000,0.000000,0.000000,0.00,0.00,False
150148,B27/S0258,False,1.592423,0.000947,0,10,0.995131,0.007840,0.364451,0.003346,0.368053,0.006411,7283.20,69.70,True
150228,B2467/S0258,False,1.959706,0.000935,0,10,1.000000,0.000000,0.477470,0.002754,0.477470,0.002754,9512.90,70.00,True
150520,B345678/S0258,False,1.428018,0.001548,0,10,0.940261,0.020897,0.317369,0.012489,0.358672,0.009594,6360.60,65.70,True
150616,B346/S1258,False,1.758694,0.001317,0,10,0.998377,0.005133,0.436190,0.008101,0.437584,0.006546,8714.30,69.90,True
150984,B3678/S1258,False,1.666755,0.006843,0,10,0.973837,0.009862,0.264470,0.016944,0.278896,0.019901,5157.50,67.90,True
151126,B1246/S01258,False,1.866365,0.001856,0,10,1.000000,0.000000,0.470042,0.003375,0.470042,0.003375,9366.90,70.00,True
151142,B1256/S01258,False,1.449855,0.002069,0,10,0.993895,0.007460,0.400080,0.009956,0.404985,0.009222,7989.10,69.50,True
151256,B3467/S01258,False,1.750408,0.001198,0,10,0.997944,0.005163,0.432327,0.008468,0.434087,0.006909,8645.90,69.80,True
151330,B158/S01258,False,1.242366,0.012776,0,10,0.527376,0.055161,0.033776,0.007326,0.120853,0.025806,564.20,34.10,True
151568,B4/S358,False,1.632866,0.060601,0,10,0.009739,0.030796,0.000026,0.000082,0.002367,0.007485,0.40,0.60,False
151684,B27/S358,False,1.658762,0.000787,0,10,0.996754,0.006844,0.349377,0.004908,0.351657,0.005366,6976.10,69.80,True
151718,B1257/S358,False,1.803302,0.001967,0,10,1.000000,0.000000,0.450645,0.002834,0.450645,0.002834,8959.90,70.00,True
151830,B1248/S358,False,1.975206,0.001180,0,10,1.000000,0.000000,0.475767,0.003931,0.475767,0.003931,9486.20,70.00,True
151890,B1468/S358,False,1.919835,0.003591,0,10,1.000000,0.000000,0.436530,0.004970,0.436530,0.004970,8713.90,70.00,True
151952,B478/S358,False,1.603367,0.053246,0,10,0.000000,0.000000,0.000000,0.000000,0.000000,0.000000,0.00,0.00,False
152224,B57/S0358,False,1.437453,0.044056,0,10,0.043823,0.024256,0.000163,0.000120,0.053038,0.030289,2.50,2.70,False
152394,B1368/S0358,False,1.912438,0.000879,0,10,1.000000,0.000000,0.471218,0.002360,0.471218,0.002360,9357.60,70.00,True
152544,B5678/S0358,False,1.452582,0.075278,0,10,0.048693,0.025377,0.000189,0.000142,0.051263,0.033997,2.90,3.00,False
152598,B124/S1358,False,1.992083,0.001919,0,10,1.000000,0.000000,0.480813,0.002381,0.480813,0.002381,9560.40,70.00,True
153068,B235678/S1358,False,1.821455,0.000942,0,10,1.000000,0.000000,0.460181,0.003772,0.460181,0.003772,9145.60,70.00,True
153090,B1/S01358,False,1.629032,0.031635,0,10,0.351231,0.061011,0.011257,0.003381,0.089516,0.023651,170.60,21.70,True
153098,B13/S01358,False,1.848016,0.001053,0,10,1.000000,0.000000,0.462451,0.003594,0.462451,0.003594,9246.80,70.00,True
153144,B345/S01358,False,1.652347,0.001350,0,10,0.996754,0.006844,0.426906,0.007487,0.429671,0.006593,8529.90,69.80,True
153240,B347/S01358,False,1.807666,0.001160,0,10,1.000000,0.000000,0.459567,0.005512,0.459567,0.005512,9148.70,70.00,True
153244,B2347/S01358,False,1.741384,0.002008,0,10,0.996863,0.006619,0.433980,0.007438,0.436689,0.005811,8678.00,69.80,True
153352,B38/S01358,False,1.736429,0.002790,0,10,0.996626,0.006320,0.311730,0.007518,0.313827,0.006880,6127.80,69.70,True
153420,B2368/S01358,False,1.820162,0.000766,0,10,1.000000,0.000000,0.466406,0.003415,0.466406,0.003415,9247.70,70.00,True
153426,B1468/S01358,False,2.010094,0.000920,0,10,1.000000,0.000000,0.477398,0.003902,0.477398,0.003902,9512.10,70.00,True
153776,B457/S2358,False,1.322003,0.070159,0,10,0.350587,0.092197,0.003763,0.001034,0.031199,0.008168,57.90,21.60,True
153874,B148/S2358,False,1.830088,0.001354,0,10,1.000000,0.000000,0.448560,0.005925,0.448560,0.005925,8939.90,70.00,True
154188,B236/S02358,False,1.699150,0.001493,0,10,1.000000,0.000000,0.448218,0.006447,0.448218,0.006447,8974.30,70.00,True
154418,B1458/S02358,False,1.743073,0.001139,0,10,1.000000,0.000000,0.450598,0.006113,0.450598,0.006113,8988.90,70.00,True
154630,B12/S12358,False,1.456466,0.097414,0,10,0.107124,0.060827,0.001679,0.001144,0.109574,0.063832,25.70,6.60,True
154772,B247/S12358,False,1.918711,0.000838,0,10,1.000000,0.000000,0.476013,0.002501,0.476013,0.002501,9467.70,70.00,True
154964,B2468/S12358,False,2.031277,0.001430,0,10,1.000000,0.000000,0.488993,0.002804,0.488993,0.002804,9722.90,70.00,True
155636,B245678/S012358,False,1.680538,0.001441,0,10,0.993508,0.008382,0.401697,0.007529,0.406939,0.007296,8029.50,69.60,True
155652,B2/S458,False,1.460073,0.001621,0,10,0.966454,0.014014,0.272968,0.007834,0.292164,0.008237,5475.50,67.50,True
155668,B24/S458,False,1.733307,0.001692,0,10,1.000000,0.000000,0.433596,0.003322,0.433596,0.003322,8653.40,70.00,True
155896,B34567/S458,False,1.206726,0.001847,0,10,0.734269,0.387129,0.237220,0.125213,0.281330,0.148704,4758.10,51.60,True
156070,B12578/S458,False,1.543472,0.001484,0,10,0.993932,0.007929,0.406100,0.008845,0.411054,0.008487,8097.30,69.60,True
156264,B356/S0458,False,1.408184,0.091184,0,10,0.560183,0.071987,0.005508,0.000950,0.017276,0.001963,82.90,34.50,True
156432,B48/S0458,False,0.209783,0.333594,0,10,0.050316,0.028061,0.000222,0.000166,0.055385,0.034483,3.40,3.10,False
156496,B468/S0458,False,0.206599,0.332673,0,10,0.084401,0.032281,0.000254,0.000128,0.033641,0.014425,3.90,5.20,False
156538,B134568/S0458,False,1.343261,0.001511,0,10,0.863165,0.304005,0.302150,0.106455,0.328517,0.115999,6055.40,60.40,True
156580,B2578/S0458,False,1.621586,0.001198,0,10,0.998698,0.004118,0.377968,0.006975,0.378970,0.007708,7523.20,69.90,True
156632,B34678/S0458,False,1.587486,0.001282,0,10,0.997279,0.005868,0.397672,0.005473,0.399827,0.003558,7940.20,69.80,True
156774,B1256/S1458,False,1.496326,0.001515,0,10,0.993996,0.007367,0.407474,0.006070,0.412432,0.007541,8153.20,69.50,True
156850,B1457/S1458,False,1.474745,0.000726,0,10,0.996139,0.006796,0.415107,0.008764,0.418307,0.007328,8274.50,69.70,True
156936,B38/S1458,False,1.414098,0.050268,0,10,0.175390,0.095188,0.001043,0.000810,0.019619,0.014233,15.90,10.90,True
156998,B1268/S1458,False,1.441347,0.001791,0,10,0.970041,0.017652,0.360943,0.011159,0.383427,0.006634,7202.60,67.70,True
157028,B2568/S1458,False,1.630800,0.001199,0,10,0.998377,0.005133,0.411282,0.006875,0.412616,0.006773,8228.30,69.90,True
157260,B236/S01458,False,1.624960,0.000732,0,10,0.994253,0.007551,0.411646,0.007791,0.416400,0.007506,8206.70,69.50,True
157284,B256/S01458,False,1.607936,0.001494,0,10,0.998377,0.005133,0.415852,0.004116,0.417226,0.006137,8285.60,69.90,True
157752,B345/S2458,False,1.389261,0.001409,0,10,0.979623,0.011536,0.371774,0.013317,0.387275,0.012126,7412.00,68.70,True
157834,B137/S2458,False,1.839756,0.001828,0,10,1.000000,0.000000,0.446029,0.004787,0.446029,0.004787,8899.30,70.00,True
157936,B4567/S2458,False,1.335464,0.018956,0,10,0.766055,0.062663,0.030147,0.012328,0.048029,0.013332,249.60,48.80,True
157988,B258/S2458,False,1.730428,0.000963,0,10,1.000000,0.000000,0.453089,0.003128,0.453089,0.003128,9024.40,70.00,True
158214,B12/S02458,False,1.429093,0.001103,0,10,0.969821,0.017247,0.349631,0.009701,0.371730,0.012256,7032.00,67.80,True
158234,B134/S02458,False,1.595336,0.002184,0,10,0.988929,0.010443,0.411626,0.006760,0.420840,0.004173,8206.70,69.20,True
158240,B5/S02458,False,1.517772,0.000549,0,10,0.074662,0.017448,0.000365,0.000103,0.060740,0.033571,5.60,4.60,False
158280,B36/S02458,False,1.828048,0.002312,0,10,1.000000,0.000000,0.403922,0.013803,0.403922,0.013803,7976.70,70.00,True
158376,B357/S02458,False,1.897770,0.002237,0,10,1.000000,0.000000,0.474765,0.005033,0.474765,0.005033,9426.60,70.00,True
158920,B367/S12458,False,1.767027,0.000790,0,10,1.000000,0.000000,0.439973,0.003931,0.439973,0.003931,8778.90,70.00,True
159296,B6/S012458,False,1.460727,0.031558,0,10,0.042200,0.015681,0.000313,0.000140,0.134200,0.065428,4.80,2.60,False
159394,B157/S012458,False,1.436436,0.011034,0,10,0.823028,0.034200,0.172042,0.014573,0.254072,0.026843,3381.30,57.20,True
159764,B24/S3458,False,1.440968,0.012685,0,10,0.856498,0.034034,0.179443,0.016086,0.244239,0.017295,3553.10,59.10,True
159780,B25/S3458,False,1.507842,0.002076,0,10,0.990813,0.010215,0.377703,0.007197,0.384782,0.009126,7566.30,69.20,True
159856,B456/S3458,False,1.205252,0.051614,0,10,0.803634,0.283928,0.207061,0.077245,0.258742,0.094131,3993.80,55.40,True
159970,B1567/S3458,False,1.290320,0.002953,0,10,0.916894,0.017864,0.306460,0.009022,0.364390,0.015385,6145.70,64.10,True
159992,B34567/S3458,False,1.074361,0.003965,0,10,0.888064,0.025479,0.261905,0.010422,0.331596,0.009332,5205.80,62.10,True
160402,B147/S03458,False,1.486708,0.002111,0,10,0.973365,0.016024,0.364657,0.007833,0.384917,0.011429,7315.20,68.10,True
160784,B4/S13458,False,1.277000,0.042761,0,10,0.703899,0.071209,0.072592,0.025093,0.141265,0.034404,1151.50,46.10,True
160802,B15/S13458,False,1.378085,0.006811,0,10,0.935863,0.020329,0.322404,0.008046,0.367984,0.011535,6464.40,65.50,True
160812,B235/S13458,False,1.497353,0.001390,0,10,0.985108,0.011242,0.378168,0.009320,0.389622,0.008229,7572.80,69.00,True
161066,B1358/S13458,False,1.594610,0.002131,0,10,0.996754,0.006844,0.407726,0.006302,0.410385,0.006606,8122.30,69.80,True
161224,B3678/S13458,False,1.492960,0.002240,0,10,0.962616,0.013360,0.363729,0.008143,0.392364,0.008899,7281.30,67.60,True
161316,B25/S013458,False,1.536834,0.003057,0,10,0.978635,0.016337,0.375036,0.004481,0.391672,0.011038,7508.80,68.50,True
161322,B135/S013458,False,1.579326,0.002415,0,10,0.993724,0.008127,0.400983,0.007080,0.406031,0.005917,8040.00,69.60,True
161350,B126/S013458,False,1.405001,0.004188,0,10,0.927679,0.018888,0.314525,0.007879,0.365431,0.016145,6290.40,65.00,True
161452,B2357/S013458,False,1.617952,0.001059,0,10,1.000000,0.000000,0.412434,0.004632,0.412434,0.004632,8206.40,70.00,True
161498,B13467/S013458,False,1.549179,0.001544,0,10,0.988638,0.007840,0.383732,0.005258,0.392562,0.006237,7650.70,69.30,True
161528,B34567/S013458,False,1.124759,0.002422,0,10,0.803246,0.283018,0.235025,0.082993,0.294681,0.104067,4733.90,56.30,True
161840,B45/S23458,False,1.104318,0.007824,0,10,0.904282,0.034632,0.284665,0.011722,0.348653,0.025225,5717.30,63.10,True
161908,B2456/S23458,False,1.333200,0.002122,0,10,0.862648,0.303501,0.285644,0.100673,0.310822,0.109596,5704.30,60.30,True
162208,B578/S23458,False,1.437260,0.049374,0,10,0.216444,0.096515,0.005614,0.002399,0.103598,0.059795,86.40,13.40,True
162236,B234578/S23458,False,1.110917,0.005700,0,10,0.812481,0.286566,0.238582,0.084889,0.292227,0.102972,4801.70,56.80,True
162242,B1678/S23458,False,1.301443,0.056317,0,10,0.109035,0.045211,0.001789,0.000768,0.184975,0.177671,28.90,7.00,True
162608,B458/S023458,False,1.148417,0.004132,0,10,0.922772,0.018237,0.299872,0.008274,0.352076,0.015746,6006.70,64.50,True
162796,B235678/S023458,False,1.366739,0.001048,0,10,0.949887,0.011864,0.316156,0.003716,0.350251,0.008747,6351.60,66.40,True
162952,B37/S123458,False,1.281209,0.159696,0,10,0.088336,0.052938,0.001414,0.001036,0.139094,0.098164,21.50,5.50,False
163084,B238/S123458,False,1.141878,0.045809,0,10,0.064924,0.024196,0.000698,0.000523,0.139430,0.079285,10.70,4.00,False
163220,B2478/S123458,False,1.374487,0.004994,0,10,0.931306,0.026163,0.286651,0.009339,0.330595,0.016500,5734.40,65.10,True
163616,B58/S0123458,False,1.378470,0.088464,0,10,0.615332,0.088803,0.051774,0.010420,0.141665,0.040642,906.10,41.00,True
163674,B13468/S0123458,False,1.508385,0.000957,0,10,0.984694,0.011428,0.373324,0.009535,0.384916,0.005900,7434.20,68.90,True
163858,B14/S68,False,1.478847,0.000412,0,10,0.977086,0.020780,0.288923,0.007357,0.302759,0.011709,5833.00,68.50,True
163866,B134/S68,False,1.378243,0.001537,0,10,0.929331,0.015551,0.293883,0.007817,0.340117,0.012301,5883.70,64.90,True
164040,B367/S68,False,1.297744,0.000000,8,10,0.000000,0.000000,0.000000,0.000000,0.000000,0.000000,0.00,0.00,False
164128,B58/S68,False,-inf,,10,10,0.000000,0.000000,0.000000,0.000000,0.000000,0.000000,0.00,0.00,False
164292,B2678/S68,False,1.396393,0.000771,0,10,0.857994,0.301882,0.214635,0.075613,0.236154,0.083454,4297.00,59.80,True
164436,B246/S068,False,1.764143,0.001162,0,10,1.000000,0.000000,0.395356,0.003640,0.395356,0.003640,7910.80,70.00,True
164468,B2456/S068,False,1.157931,0.081431,0,10,0.253794,0.059717,0.007210,0.002211,0.112912,0.050879,113.20,16.00,True
164762,B13478/S068,False,1.426242,0.002763,0,10,0.940184,0.018137,0.308202,0.010290,0.348689,0.017347,6168.00,65.90,True
164764,B23478/S068,False,1.096576,0.003139,0,10,0.726721,0.255958,0.193593,0.068620,0.295955,0.104569,3876.20,50.40,True
164904,B35/S168,False,1.423343,0.103794,0,10,0.121732,0.052035,0.000554,0.000275,0.027364,0.011317,8.40,7.50,True
164972,B2356/S168,False,1.518666,0.002328,0,10,0.974686,0.007327,0.364727,0.011056,0.383780,0.010967,7273.10,68.20,True
164994,B17/S168,False,1.254108,0.003419,0,10,0.910249,0.017597,0.223852,0.003510,0.269982,0.007645,4488.30,63.30,True
165018,B1347/S168,False,1.486324,0.003063,0,10,0.969539,0.009802,0.346358,0.007304,0.368398,0.010573,6948.60,67.70,True
165100,B23567/S168,False,1.503672,0.000667,0,10,0.966293,0.011446,0.356246,0.009523,0.381355,0.008380,7144.90,67.60,True
165452,B236/S0168,False,1.375196,0.001517,0,10,0.953974,0.019625,0.325551,0.010100,0.357695,0.012608,6510.60,66.50,True
165456,B46/S0168,False,0.930204,0.115600,0,10,0.048693,0.020243,0.000430,0.000238,0.162502,0.108825,6.60,3.00,False
165656,B348/S0168,False,1.240469,0.003799,0,10,0.831382,0.035481,0.163127,0.017935,0.234937,0.017902,3159.90,57.80,True
165736,B3568/S0168,False,1.410371,0.024353,0,10,0.450559,0.086942,0.009094,0.002170,0.045498,0.013108,136.40,27.90,True
166236,B23468/S268,False,1.475202,0.002052,0,10,0.976836,0.011724,0.368182,0.007037,0.385829,0.008256,7313.10,68.30,True
166532,B27/S0268,False,1.526892,0.001016,0,10,0.981435,0.013666,0.330022,0.007725,0.342573,0.006628,6614.10,68.70,True
166560,B57/S0268,False,1.198416,0.086092,0,10,0.032462,0.013252,0.000196,0.000087,0.138963,0.084376,3.00,2.00,False
166644,B24567/S0268,False,1.356792,0.013394,0,10,0.864687,0.019957,0.252378,0.011267,0.336895,0.014767,5073.40,60.70,True
166792,B378/S0268,False,1.522949,0.049412,0,10,0.091753,0.054929,0.000379,0.000268,0.037009,0.028669,5.90,5.70,False
166896,B45678/S0268,False,1.213445,0.151805,0,10,0.176917,0.052147,0.001213,0.000501,0.039833,0.020080,18.60,10.90,True
166932,B24/S1268,False,1.731384,0.001398,0,10,0.998377,0.005133,0.421401,0.005728,0.422772,0.005846,8390.10,69.90,True
166986,B136/S1268,False,1.722206,0.001246,0,10,1.000000,0.000000,0.424143,0.005197,0.424143,0.005197,8459.30,70.00,True
166992,B46/S1268,False,1.229836,0.098408,0,10,0.075425,0.022900,0.000599,0.000277,0.086306,0.026482,9.10,4.60,False
167256,B3468/S1268,False,1.564009,0.001349,0,10,0.985432,0.010880,0.391467,0.004918,0.403137,0.008102,7833.80,69.00,True
167324,B23478/S1268,False,1.370692,0.001999,0,10,0.942405,0.019512,0.330613,0.006636,0.372122,0.010017,6619.10,66.00,True
167370,B13678/S1268,False,1.691907,0.001303,0,10,0.996754,0.006844,0.423096,0.005282,0.425856,0.005676,8446.50,69.80,True
167816,B378/S01268,False,1.484444,0.004909,0,10,0.922324,0.032934,0.254807,0.017485,0.298988,0.010067,5151.80,64.40,True
167976,B35/S368,False,1.180449,0.081876,0,10,0.042963,0.090764,0.000085,0.000185,0.001698,0.003611,1.30,2.60,False
167978,B135/S368,False,1.931069,0.001227,0,10,1.000000,0.000000,0.475326,0.002445,0.475326,0.002445,9443.10,70.00,True
168004,B26/S368,False,1.644569,0.001638,0,10,0.995131,0.007840,0.346971,0.003236,0.350381,0.004745,6950.50,69.70,True
168074,B137/S368,False,1.769918,0.001018,0,10,1.000000,0.000000,0.433573,0.004487,0.433573,0.004487,8650.70,70.00,True
168108,B2357/S368,False,1.813130,0.001535,0,10,1.000000,0.000000,0.464124,0.004208,0.464124,0.004208,9229.60,70.00,True
168800,B568/S0368,False,1.386294,0.000000,0,10,0.038954,0.020531,0.000143,0.000091,0.060886,0.039669,2.20,2.40,False
169080,B3456/S1368,False,1.497494,0.001998,0,10,0.967337,0.012764,0.360706,0.008484,0.385316,0.007856,7254.80,67.80,True
169188,B2567/S1368,False,1.806638,0.001503,0,10,1.000000,0.000000,0.435510,0.004247,0.435510,0.004247,8689.20,70.00,True
169306,B13468/S1368,False,1.797190,0.001553,0,10,1.000000,0.000000,0.468329,0.002765,0.468329,0.002765,9359.60,70.00,True
169344,B78/S1368,False,1.382204,0.011975,0,10,0.019477,0.019952,0.000091,0.000088,0.076608,0.091536,1.40,1.20,False
169480,B3/S01368,False,1.603920,0.004876,0,10,0.847852,0.078721,0.078264,0.016788,0.107173,0.013489,1267.40,57.20,True
169584,B456/S01368,False,1.360339,0.037351,0,10,0.223986,0.037327,0.002934,0.001369,0.054393,0.018241,44.90,13.80,True
169714,B14567/S01368,False,1.580344,0.002301,0,10,0.974858,0.015184,0.382525,0.011242,0.402353,0.007158,7654.30,68.20,True
169880,B3478/S01368,False,1.638739,0.001782,0,10,1.000000,0.000000,0.430004,0.004905,0.430004,0.004905,8599.00,70.00,True
169884,B23478/S01368,False,1.609713,0.001549,0,10,0.993714,0.007420,0.409385,0.007593,0.414580,0.007763,8236.30,69.50,True
170082,B156/S2368,False,1.421961,0.001431,0,10,0.949312,0.018439,0.310497,0.009396,0.344423,0.011379,6228.90,66.30,True
170304,B68/S2368,False,1.098586,0.000031,0,10,0.016231,0.017109,0.000104,0.000112,0.064000,0.068508,1.60,1.00,False
170410,B13578/S2368,False,1.896858,0.001453,0,10,1.000000,0.000000,0.477738,0.003671,0.477738,0.003671,9527.80,70.00,True
170626,B17/S02368,False,1.349332,0.078460,0,10,0.737422,0.054426,0.086272,0.012459,0.157870,0.017655,1517.10,49.20,True
170660,B257/S02368,False,1.692051,0.001185,0,10,1.000000,0.000000,0.429043,0.006387,0.429043,0.006387,8566.30,70.00,True
170834,B1468/S02368,False,1.801226,0.000973,0,10,1.000000,0.000000,0.450297,0.003884,0.450297,0.003884,8996.00,70.00,True
171090,B146/S12368,False,1.738788,0.001757,0,10,0.998377,0.005133,0.437613,0.006454,0.439030,0.006080,8747.80,69.90,True
171276,B238/S12368,False,1.323121,0.003671,0,10,0.859773,0.302276,0.311941,0.110012,0.341619,0.120308,6262.90,59.90,True
171410,B1478/S12368,False,1.656083,0.000971,0,10,0.996754,0.006844,0.410680,0.006407,0.413368,0.007394,8203.70,69.80,True
171796,B248/S012368,False,1.750812,0.001230,0,10,1.000000,0.000000,0.441069,0.005802,0.441069,0.005802,8766.10,70.00,True
171836,B23458/S012368,False,1.450173,0.002050,0,10,0.949822,0.016138,0.336167,0.009875,0.372377,0.008273,6715.90,66.60,True
171876,B2568/S012368,False,1.511372,0.001902,0,10,0.979888,0.010710,0.393181,0.007869,0.409369,0.005785,7813.20,68.60,True
171912,B378/S012368,False,1.428263,0.003908,0,10,0.974590,0.014967,0.336201,0.006417,0.354054,0.012663,6776.80,68.20,True
172316,B2348/S468,False,1.544286,0.001598,0,10,0.972364,0.007843,0.383396,0.004487,0.405388,0.006769,7671.50,68.10,True
172424,B378/S468,False,-inf,,10,10,0.000000,0.000000,0.000000,0.000000,0.000000,0.000000,0.00,0.00,False
172568,B34/S0468,False,1.479366,0.012506,0,10,0.906478,0.042768,0.111463,0.022513,0.134142,0.023054,1505.20,60.90,True
172674,B17/S0468,False,1.456907,0.002903,0,10,0.941258,0.021831,0.255965,0.008344,0.288762,0.007760,5140.50,65.70,True
172816,B48/S0468,False,0.001974,0.003785,0,10,0.051939,0.012803,0.000183,0.000101,0.051386,0.025802,2.80,3.20,False
172956,B23478/S0468,False,1.639592,0.001982,0,10,0.993508,0.008382,0.416235,0.006521,0.421676,0.006678,8325.10,69.60,True
173282,B1567/S1468,False,1.501223,0.004390,0,10,0.993829,0.011085,0.337448,0.006981,0.341630,0.005332,6760.40,69.60,True
173508,B2678/S1468,False,1.693172,0.001497,0,10,0.998377,0.005133,0.371671,0.005290,0.372876,0.005001,7427.80,69.90,True
173602,B15/S01468,False,1.511848,0.001167,0,10,0.980549,0.014794,0.331422,0.007999,0.344720,0.010517,6600.80,68.60,True
173832,B38/S01468,False,1.450902,0.055920,0,10,0.382041,0.087318,0.007755,0.002928,0.050807,0.014033,118.20,23.60,True
173968,B478/S01468,False,0.828241,0.125411,0,10,0.084401,0.022697,0.000639,0.000240,0.087389,0.056949,9.80,5.20,False
174124,B235/S2468,False,2.047896,0.001608,0,10,1.000000,0.000000,0.491435,0.003475,0.491435,0.003475,9788.90,70.00,True
174162,B146/S2468,False,1.946980,0.000839,0,10,1.000000,0.000000,0.477152,0.001524,0.477152,0.001524,9484.40,70.00,True
174172,B2346/S2468,False,1.902031,0.000783,0,10,1.000000,0.000000,0.473467,0.003904,0.473467,0.003904,9436.80,70.00,True
174276,B267/S2468,False,1.709353,0.001262,0,10,1.000000,0.000000,0.409926,0.002536,0.409926,0.002536,8176.10,70.00,True
174492,B23478/S2468,False,1.793124,0.001061,0,10,1.000000,0.000000,0.459235,0.003906,0.459235,0.003906,9148.00,70.00,True
174664,B36/S02468,False,1.886529,0.006415,0,10,0.899528,0.049136,0.055634,0.011898,0.067073,0.014144,588.60,57.10,True
175170,B16/S12468,False,1.352697,0.071859,0,10,0.386197,0.080413,0.020051,0.008273,0.128854,0.027166,320.00,24.60,True
175408,B458/S12468,False,1.371073,0.053720,0,10,0.428495,0.075045,0.007350,0.001936,0.040691,0.012703,113.20,26.40,True
175552,B678/S12468,False,1.295889,0.163519,0,10,0.038954,0.017448,0.000228,0.000169,0.089295,0.072611,3.50,2.40,False
175666,B145/S012468,False,1.832812,0.001130,0,10,1.000000,0.000000,0.469940,0.002925,0.469940,0.002925,9340.40,70.00,True
175690,B136/S012468,False,1.964579,0.001273,0,10,1.000000,0.000000,0.479717,0.002728,0.479717,0.002728,9537.60,70.00,True
175948,B2368/S012468,False,1.842829,0.000909,0,10,1.000000,0.000000,0.471537,0.003562,0.471537,0.003562,9413.80,70.00,True
176168,B35/S3468,False,1.904022,0.001729,0,10,1.000000,0.000000,0.474246,0.003329,0.474246,0.003329,9437.00,70.00,True
176176,B45/S3468,False,1.395862,0.011820,0,10,0.349384,0.087528,0.001248,0.000447,0.010993,0.005508,19.10,21.30,True
176258,B17/S3468,False,1.334061,0.013223,0,10,0.787626,0.034859,0.099528,0.011088,0.159704,0.016592,1726.20,53.30,True
176264,B37/S3468,False,1.424733,0.099394,0,10,0.379809,0.172666,0.002267,0.001536,0.011778,0.006397,26.60,23.00,True
176408,B348/S3468,False,1.524503,0.002458,0,10,0.997134,0.005518,0.418212,0.012025,0.420606,0.011173,8333.80,69.70,True
176834,B167/S03468,False,1.378971,0.003618,0,10,0.882034,0.011725,0.187478,0.010830,0.240500,0.012899,3614.80,61.50,True
177036,B2378/S03468,False,1.515405,0.003142,0,10,0.979382,0.012724,0.384344,0.009643,0.400594,0.008135,7705.90,68.60,True
177120,B5678/S03468,False,1.383762,0.004040,0,10,0.118485,0.039794,0.000580,0.000340,0.038330,0.025869,8.90,7.30,True
177234,B146/S13468,False,1.867320,0.001215,0,10,1.000000,0.000000,0.480617,0.002879,0.480617,0.002879,9588.30,70.00,True
177362,B1467/S13468,False,1.857144,0.000888,0,10,1.000000,0.000000,0.471910,0.002468,0.471910,0.002468,9405.20,70.00,True
177448,B358/S13468,False,1.953166,0.001169,0,10,1.000000,0.000000,0.479413,0.002724,0.479413,0.002724,9519.80,70.00,True
177484,B2368/S13468,False,1.723270,0.001357,0,10,1.000000,0.000000,0.449355,0.004806,0.449355,0.004806,8941.70,70.00,True
177564,B23478/S13468,False,1.668700,0.001525,0,10,1.000000,0.000000,0.427815,0.007856,0.427815,0.007856,8490.50,70.00,True
177680,B4/S013468,False,1.355941,0.011327,0,10,0.248332,0.048421,0.003404,0.000776,0.054746,0.016755,52.20,15.30,True
177704,B35/S013468,False,1.942204,0.001157,0,10,1.000000,0.000000,0.479060,0.002575,0.479060,0.002575,9519.10,70.00,True
178080,B578/S013468,False,1.476060,0.091302,0,10,0.099008,0.019432,0.001050,0.000329,0.098132,0.040651,16.10,6.10,False
178802,B1456/S023468,False,1.677833,0.000522,0,10,0.992510,0.010090,0.398723,0.009345,0.404741,0.008546,7993.90,69.50,True
178892,B2367/S023468,False,1.607602,0.001598,0,10,0.996754,0.006844,0.409399,0.007618,0.412048,0.006590,8198.40,69.80,True
179484,B2348/S123468,False,1.407370,0.004051,0,10,0.856186,0.301329,0.266023,0.095125,0.293708,0.104564,5249.80,60.00,True
179676,B234678/S123468,False,1.725615,0.001997,0,10,1.000000,0.000000,0.416923,0.004203,0.416923,0.004203,8354.50,70.00,True
179874,B157/S0123468,False,1.701801,0.008071,0,10,0.922889,0.010728,0.268597,0.016652,0.314932,0.018121,5412.50,64.70,True
179992,B348/S0123468,False,1.455361,0.005947,0,10,0.951512,0.019345,0.257739,0.014942,0.284351,0.012316,4954.80,66.10,True
180224,B/S568,False,-inf,,10,10,0.000000,0.000000,0.000000,0.000000,0.000000,0.000000,0.00,0.00,False
180370,B147/S568,False,1.517822,0.001387,0,10,0.984704,0.013825,0.315516,0.008040,0.325392,0.008990,6285.20,68.90,True
180484,B28/S568,False,1.396902,0.001764,0,10,0.851153,0.299602,0.211499,0.074728,0.236270,0.083190,4196.10,59.60,True
180530,B1458/S568,False,1.371236,0.001772,0,10,0.957767,0.008539,0.295379,0.011294,0.321865,0.013172,5931.40,66.90,True
180964,B2567/S0568,False,1.509651,0.000883,0,10,0.982771,0.011271,0.322471,0.006064,0.333808,0.005356,6453.90,68.90,True
181404,B2347/S1568,False,1.440514,0.002408,0,10,0.939070,0.015421,0.336468,0.006054,0.381348,0.010551,6774.30,65.70,True
182080,B68/S01568,False,0.024558,0.000906,0,10,0.034085,0.019432,0.000150,0.000107,0.072457,0.036061,2.30,2.10,False
182240,B5678/S01568,False,0.028897,0.007556,0,10,0.050316,0.030075,0.000346,0.000242,0.123216,0.086176,5.30,3.10,False
182320,B45/S2568,False,1.289718,0.164726,0,10,0.069793,0.045940,0.000306,0.000240,0.036924,0.025277,4.70,4.30,False
182540,B238/S2568,False,1.438559,0.001148,0,10,0.981428,0.013728,0.376029,0.005976,0.390408,0.008230,7518.50,68.50,True
182856,B36/S02568,False,1.625806,0.027099,0,10,0.259694,0.070485,0.001213,0.000448,0.020057,0.015114,18.60,16.00,True
183180,B2378/S02568,False,1.486728,0.001300,0,10,0.986338,0.012021,0.382951,0.005889,0.393734,0.012068,7655.90,69.10,True
183330,B15/S12568,False,1.327818,0.007282,0,10,0.930958,0.023927,0.276618,0.010579,0.319050,0.013190,5531.00,65.10,True
183506,B1467/S12568,False,1.724796,0.001267,0,10,1.000000,0.000000,0.433392,0.004894,0.433392,0.004894,8608.90,70.00,True
183650,B1568/S12568,False,1.267807,0.001979,0,10,0.929733,0.024441,0.275456,0.009443,0.318662,0.013736,5523.30,64.70,True
183698,B1478/S12568,False,1.671494,0.001205,0,10,0.999002,0.003155,0.409752,0.005563,0.410563,0.004482,8176.30,69.90,True
183970,B157/S012568,False,1.262358,0.037782,0,10,0.634922,0.057231,0.048764,0.015369,0.119750,0.031675,860.50,43.20,True
184002,B167/S012568,False,1.307446,0.146849,0,10,0.133093,0.037327,0.002406,0.001164,0.116624,0.025949,36.90,8.20,True
184012,B2367/S012568,False,1.506025,0.001045,0,10,0.994327,0.009392,0.408776,0.008010,0.413434,0.006955,8158.60,69.60,True
184408,B346/S3568,False,1.845285,0.001730,0,10,1.000000,0.000000,0.449489,0.003006,0.449489,0.003006,8973.60,70.00,True
184464,B47/S3568,False,1.612706,0.043900,0,10,0.017854,0.039350,0.000065,0.000141,0.007605,0.016903,1.00,1.10,False
184780,B23678/S3568,False,1.668227,0.001337,0,10,1.000000,0.000000,0.441708,0.006575,0.441708,0.006575,8842.60,70.00,True
184976,B47/S03568,False,1.579767,0.090678,0,10,0.086024,0.015398,0.000306,0.000131,0.034575,0.013728,4.70,5.30,False
185186,B1568/S03568,False,1.579591,0.001415,0,10,0.991106,0.010975,0.359939,0.010572,0.366416,0.010446,7177.50,69.30,True
185500,B2347/S13568,False,1.748730,0.001258,0,10,1.000000,0.000000,0.424963,0.005554,0.424963,0.005554,8463.70,70.00,True
185538,B167/S13568,False,1.512022,0.002162,0,10,0.983061,0.011050,0.320311,0.008525,0.331450,0.010851,6402.50,68.90,True
185764,B2578/S13568,False,1.893175,0.001232,0,10,1.000000,0.000000,0.471558,0.003150,0.471558,0.003150,9351.60,70.00,True
185864,B3/S013568,False,1.721615,0.001486,0,10,0.998733,0.003452,0.354981,0.005184,0.355896,0.005804,7049.80,69.80,True
186012,B2347/S013568,False,1.747983,0.001307,0,10,0.998377,0.005133,0.422409,0.006719,0.423757,0.004702,8436.00,69.90,True
186540,B2357/S23568,False,1.851777,0.000845,0,10,1.000000,0.000000,0.451147,0.003933,0.451147,0.003933,8977.20,70.00,True
186888,B3/S023568,False,1.588484,0.001206,0,10,0.994422,0.007670,0.393513,0.008794,0.397928,0.008745,7873.40,69.60,True
187208,B368/S023568,False,1.718732,0.001527,0,10,1.000000,0.000000,0.451006,0.004412,0.451006,0.004412,9008.20,70.00,True
187332,B2678/S023568,False,1.514536,0.003033,0,10,0.970641,0.010909,0.356909,0.009401,0.378663,0.006896,7160.10,67.80,True
187892,B245678/S123568,False,1.527152,0.001534,0,10,0.980542,0.011674,0.313240,0.006306,0.325722,0.004734,6259.70,68.60,True
188204,B2358/S0123568,False,1.748663,0.001368,0,10,1.000000,0.000000,0.443911,0.006371,0.443911,0.006371,8853.90,70.00,True
188368,B4678/S0123568,False,1.799821,0.001648,0,10,0.998377,0.005133,0.420898,0.005437,0.422266,0.005475,8396.30,69.90,True
188610,B167/S4568,False,1.288763,0.001601,0,10,0.909259,0.026728,0.235046,0.009527,0.284194,0.013023,4729.70,63.40,True
188684,B238/S4568,False,1.282842,0.006776,0,10,0.867977,0.021277,0.246241,0.011458,0.326220,0.012693,4948.70,60.40,True
188736,B68/S4568,False,-inf,,10,10,0.000000,0.000000,0.000000,0.000000,0.000000,0.000000,0.00,0.00,False
188896,B5678/S4568,False,0.828908,0.246918,8,10,0.016231,0.051327,0.000241,0.000763,0.008390,0.026532,3.70,1.00,False
189068,B237/S04568,False,1.356612,0.002326,0,10,0.904666,0.031376,0.291587,0.016632,0.355832,0.014640,5871.70,63.40,True
189100,B2357/S04568,False,1.681261,0.001733,0,10,0.997330,0.005250,0.368820,0.007283,0.370806,0.007311,7394.00,69.60,True
189496,B345/S14568,False,1.194863,0.049532,0,10,0.438966,0.172181,0.022020,0.009957,0.090907,0.035255,356.60,28.10,True
189732,B258/S14568,False,1.582342,0.006549,0,10,0.982786,0.011168,0.374303,0.006945,0.387552,0.010901,7477.00,68.90,True
189936,B45678/S14568,False,1.265065,0.002352,0,10,0.926412,0.026649,0.243686,0.008507,0.283948,0.013726,4863.10,65.00,True
190146,B167/S014568,False,1.243608,0.004608,0,10,0.910247,0.033715,0.258766,0.017323,0.311938,0.014118,5201.70,63.70,True
190180,B2567/S014568,False,1.403930,0.002021,0,10,0.965848,0.011525,0.305497,0.008333,0.327333,0.007729,6121.80,67.60,True
190752,B58/S24568,False,1.521021,0.004701,0,10,0.071416,0.071449,0.000372,0.000417,0.032222,0.026426,5.70,4.40,False
190882,B1578/S24568,False,1.555303,0.001930,0,10,0.978339,0.014358,0.379046,0.010663,0.395876,0.006781,7575.60,68.60,True
190932,B24678/S24568,False,1.588907,0.002426,0,10,0.991092,0.008178,0.324573,0.007333,0.330390,0.006147,6475.20,69.30,True
191648,B57/S124568,False,1.429063,0.042981,0,10,0.142832,0.066174,0.001487,0.001069,0.054235,0.031179,22.80,8.80,True
191652,B257/S124568,False,1.645608,0.002108,0,10,0.997329,0.005256,0.383668,0.007416,0.385728,0.007056,7646.40,69.70,True
192100,B256/S0124568,False,1.407749,0.003562,0,10,0.981645,0.015980,0.329907,0.005630,0.342407,0.008319,6662.80,68.60,True
192108,B2356/S0124568,False,1.470164,0.001999,0,10,0.978378,0.011200,0.324328,0.011352,0.338626,0.006800,6495.00,68.50,True
192444,B234578/S0124568,False,1.528775,0.000849,0,10,0.969330,0.016773,0.305643,0.009236,0.325111,0.004776,6077.10,68.00,True
192556,B235/S34568,False,1.458233,0.037753,0,10,0.094902,0.035107,0.001166,0.000507,0.120233,0.046699,17.80,5.80,False
192584,B36/S34568,False,1.395048,0.084864,0,10,0.607202,0.072160,0.045759,0.007183,0.125516,0.027413,742.70,39.90,True
192652,B237/S34568,False,1.304486,0.134968,0,10,0.231493,0.063634,0.007010,0.002789,0.123558,0.025248,107.80,14.80,True
192920,B3478/S34568,False,1.277139,0.004621,0,10,0.826871,0.034158,0.182884,0.012981,0.267040,0.016441,3713.30,57.40,True
193204,B2457/S034568,False,1.554800,0.001346,0,10,0.987671,0.009418,0.316278,0.005161,0.324260,0.008304,6339.40,69.00,True
193388,B23568/S034568,False,1.411215,0.001405,0,10,0.974285,0.010652,0.298587,0.004995,0.314533,0.007676,5989.00,68.00,True
193492,B24678/S034568,False,1.505746,0.002732,0,10,0.958542,0.008953,0.289138,0.006925,0.314480,0.005099,5761.20,67.10,True
193672,B37/S134568,False,1.304697,0.087840,0,10,0.314159,0.125094,0.009267,0.004881,0.095134,0.037810,147.10,20.10,True
193684,B247/S134568,False,1.399566,0.007204,0,10,0.842130,0.033201,0.189145,0.011151,0.266382,0.016984,3817.40,58.90,True
193808,B48/S134568,False,1.434165,0.076133,0,10,0.134716,0.067596,0.002243,0.001285,0.130398,0.070310,34.30,8.30,True
194060,B23/S0134568,False,1.116437,0.047328,0,10,0.037331,0.023018,0.000391,0.000322,0.190252,0.098868,6.00,2.30,False
194396,B23468/S0134568,False,1.463176,0.002137,0,10,0.977879,0.014293,0.305578,0.006804,0.319630,0.011407,6107.60,68.50,True
194536,B35678/S0134568,False,1.380978,0.003007,0,10,0.936171,0.021174,0.244856,0.006545,0.279264,0.008811,4927.00,65.50,True
194664,B356/S234568,False,1.351216,0.003933,0,10,0.911255,0.022325,0.233338,0.008709,0.280920,0.014006,4648.30,63.60,True
194784,B567/S234568,False,1.285530,0.004605,0,10,0.849729,0.029501,0.170902,0.014789,0.236253,0.018220,3396.50,59.30,True
194818,B18/S234568,False,1.162830,0.069944,0,10,0.009739,0.017448,0.000134,0.000137,0.760699,0.389085,2.10,0.60,False
194996,B24578/S234568,False,1.485949,0.001881,0,10,0.980752,0.014009,0.293268,0.007718,0.304833,0.006548,5854.10,68.60,True
195236,B257/S0234568,False,1.554638,0.023541,0,10,0.961735,0.014130,0.295416,0.006733,0.319319,0.009137,5901.60,67.20,True
195808,B567/S1234568,False,1.286346,0.004540,0,10,0.875329,0.033224,0.205482,0.015300,0.267621,0.014080,4114.90,61.00,True
195984,B478/S1234568,False,1.296980,0.063035,0,10,0.705771,0.062539,0.082766,0.014196,0.165760,0.025471,1437.10,46.60,True
196244,B247/S01234568,False,1.376885,0.084124,0,10,0.635342,0.068401,0.055092,0.013053,0.135663,0.031122,922.20,41.90,True
196432,B468/S01234568,False,1.464252,0.002544,0,10,0.960394,0.013831,0.300675,0.005620,0.325920,0.009358,6035.40,67.20,True
196472,B34568/S01234568,False,1.214050,0.005116,0,10,0.553109,0.476305,0.130034,0.111948,0.152982,0.131911,2597.10,38.60,True
196944,B468/S78,False,-inf,,10,10,0.000000,0.000000,0.000000,0.000000,0.000000,0.000000,0.00,0.00,False
197356,B23567/S078,False,1.290740,0.002511,0,10,0.875982,0.016261,0.262534,0.007925,0.341552,0.011507,5278.50,61.40,True
197648,B4/S178,False,0.714240,0.047132,0,10,0.012985,0.018427,0.000078,0.000126,0.050467,0.075797,1.20,0.80,False
197740,B2356/S178,False,1.425259,0.001194,0,10,0.928269,0.017704,0.315215,0.010306,0.365461,0.009609,6337.30,64.90,True
197972,B2468/S178,False,1.796756,0.001299,0,10,0.998377,0.005133,0.403067,0.005302,0.404376,0.005191,8061.80,69.90,True
198724,B26/S278,False,1.509209,0.001862,0,10,0.989999,0.010587,0.333277,0.009388,0.339995,0.007540,6670.30,69.20,True
198744,B346/S278,False,1.487719,0.039722,0,10,0.860713,0.037592,0.094538,0.022605,0.126043,0.026076,1283.30,58.50,True
198808,B347/S278,False,1.458593,0.068060,0,10,0.254628,0.123958,0.001468,0.001101,0.016992,0.011682,13.20,14.90,True
199116,B23678/S278,False,1.301708,0.002557,0,10,0.940912,0.009556,0.326922,0.008716,0.369114,0.014220,6562.70,65.90,True
199144,B35678/S278,False,1.519486,0.010093,0,10,0.119339,0.122203,0.000225,0.000249,0.006516,0.007209,3.50,7.40,True
199488,B68/S0278,False,1.098612,0.000000,0,10,0.022723,0.008382,0.000130,0.000061,0.144000,0.076097,2.00,1.40,False
199492,B268/S0278,False,1.534394,0.001062,0,10,0.988854,0.010295,0.333066,0.007168,0.340543,0.003458,6662.60,69.10,True
199900,B23467/S1278,False,1.217822,0.002623,0,10,0.885669,0.025850,0.279381,0.009324,0.355995,0.017377,5650.40,61.90,True
199948,B238/S1278,False,1.149024,0.002782,0,10,0.714536,0.377150,0.219304,0.116476,0.274273,0.144931,4395.90,50.00,True
199984,B458/S1278,False,1.221840,0.046456,0,10,0.074662,0.037639,0.000561,0.000481,0.065706,0.039359,8.70,4.60,False
200356,B257/S01278,False,1.512964,0.000736,0,10,0.990729,0.010914,0.366895,0.006927,0.373775,0.006368,7313.60,69.30,True
200576,B78/S01278,False,0.023817,0.000745,0,10,0.012985,0.006844,0.000098,0.000055,0.255556,0.277407,1.50,0.80,False
201408,B67/S0378,False,1.386294,0.000000,0,10,0.027592,0.017194,0.000085,0.000062,0.055193,0.044617,1.30,1.70,False
201548,B2368/S0378,False,1.502035,0.001191,0,10,0.991373,0.008069,0.391905,0.004865,0.398754,0.006735,7830.60,69.30,True
201556,B2468/S0378,False,1.969971,0.000956,0,10,1.000000,0.000000,0.464984,0.002666,0.464984,0.002666,9244.00,70.00,True
201620,B2478/S0378,False,1.915647,0.000894,0,10,1.000000,0.000000,0.448722,0.005583,0.448722,0.005583,8955.40,70.00,True
201844,B2456/S1378,False,1.685845,0.002211,0,10,0.985501,0.005696,0.401279,0.005184,0.413106,0.005871,8074.90,68.90,True
202032,B458/S1378,False,1.401494,0.054162,0,10,0.077908,0.034046,0.000456,0.000270,0.055333,0.032017,7.00,4.80,False
202212,B25678/S1378,False,1.786820,0.001553,0,10,0.998377,0.005133,0.424816,0.007066,0.426179,0.005796,8511.00,69.90,True
202440,B367/S01378,False,1.625806,0.008883,0,10,0.907807,0.039404,0.132358,0.014741,0.160382,0.018254,2228.20,62.70,True
203384,B3456/S02378,False,1.159330,0.002516,0,10,0.846308,0.019965,0.243197,0.009973,0.338789,0.013588,4892.90,59.10,True
203504,B4567/S02378,False,1.090840,0.030171,0,10,0.221975,0.044273,0.002751,0.000835,0.053813,0.013957,42.20,13.70,True
203548,B2348/S02378,False,1.136091,0.002820,0,10,0.827215,0.292316,0.270361,0.095473,0.320261,0.114027,5443.40,57.70,True
203860,B246/S12378,False,1.771675,0.001097,0,10,1.000000,0.000000,0.442887,0.005605,0.442887,0.005605,8847.10,70.00,True
204340,B245/S012378,False,1.569972,0.001113,0,10,0.980425,0.007257,0.388215,0.011583,0.403827,0.013383,7755.00,68.60,True
204352,B6/S012378,False,0.526964,0.201729,0,10,0.017854,0.011976,0.000176,0.000131,0.364000,0.338118,2.70,1.10,False
204768,B5678/S012378,False,1.105500,0.055306,0,10,0.059291,0.042282,0.000573,0.000420,0.200734,0.161457,8.70,3.70,False
205448,B37/S0478,False,1.355846,0.158889,0,10,0.107402,0.035012,0.000652,0.000254,0.053809,0.021362,9.90,6.50,True
205452,B237/S0478,False,1.507462,0.001612,0,10,0.975762,0.015635,0.363165,0.005583,0.381416,0.008015,7298.60,68.30,True
205940,B2456/S1478,False,1.655446,0.001390,0,10,0.998377,0.005133,0.424481,0.007470,0.425831,0.005224,8474.00,69.90,True
206540,B2367/S01478,False,1.654921,0.001203,0,10,0.995131,0.010955,0.411559,0.013724,0.415437,0.006739,8232.20,69.70,True
206548,B2467/S01478,False,1.915599,0.000797,0,10,1.000000,0.000000,0.477386,0.002504,0.477386,0.002504,9539.10,70.00,True
206948,B256/S2478,False,1.804612,0.001305,0,10,1.000000,0.000000,0.448828,0.002971,0.448828,0.002971,8960.60,70.00,True
207016,B357/S2478,False,2.001300,0.005919,0,10,0.993227,0.007313,0.139375,0.015597,0.141019,0.016469,1888.70,68.40,True
207176,B368/S2478,False,1.679177,0.023391,0,10,0.260201,0.077107,0.001028,0.000525,0.016414,0.008983,15.20,15.70,True
207492,B27/S02478,False,1.679356,0.001432,0,10,1.000000,0.000000,0.397544,0.005446,0.397544,0.005446,7859.00,70.00,True
208112,B4567/S12478,False,1.460205,0.010216,0,10,0.707749,0.073628,0.020934,0.005695,0.043134,0.019210,265.30,43.60,True
208152,B348/S12478,False,1.625447,0.001317,0,10,0.996754,0.006844,0.420944,0.004976,0.423693,0.005638,8437.00,69.80,True
208548,B257/S012478,False,1.819648,0.001482,0,10,1.000000,0.000000,0.453400,0.007225,0.453400,0.007225,9079.40,70.00,True
209012,B2456/S3478,False,1.537815,0.001528,0,10,0.985241,0.012151,0.379291,0.005304,0.390809,0.010699,7577.90,69.00,True
209400,B345678/S3478,False,1.158379,0.001480,0,10,0.879144,0.018264,0.258356,0.011925,0.333509,0.009068,5198.10,61.40,True
209996,B236/S13478,False,1.600543,0.001366,0,10,0.995131,0.010955,0.419657,0.007030,0.423768,0.005922,8364.60,69.70,True
210260,B2468/S13478,False,1.868849,0.001185,0,10,1.000000,0.000000,0.475157,0.002318,0.475157,0.002318,9468.40,70.00,True
210388,B24678/S13478,False,1.795513,0.002302,0,10,1.000000,0.000000,0.462171,0.005358,0.462171,0.005358,9227.70,70.00,True
210512,B46/S013478,False,1.363844,0.007547,0,10,0.194771,0.043282,0.002138,0.000925,0.054249,0.019101,32.70,12.00,True
210616,B3457/S013478,False,1.417146,0.000890,0,10,0.980273,0.012027,0.373534,0.008708,0.388759,0.012778,7491.60,68.50,True
210836,B2478/S013478,False,1.751348,0.001824,0,10,1.000000,0.000000,0.456999,0.003031,0.456999,0.003031,9109.30,70.00,True
210964,B24/S23478,False,1.531675,0.002744,0,10,0.991003,0.007908,0.392353,0.006516,0.399511,0.008345,7856.00,69.40,True
211876,B2578/S023478,False,1.612498,0.001171,0,10,0.996754,0.006844,0.406999,0.007831,0.409650,0.007846,8169.00,69.80,True
212040,B36/S123478,False,1.493527,0.002365,0,10,0.981462,0.014303,0.374008,0.007564,0.388360,0.013105,7481.60,68.70,True
212932,B2678/S0123478,False,1.141008,0.046505,0,10,0.215011,0.053965,0.006733,0.002644,0.139550,0.046360,103.30,13.20,True
213168,B457/S578,False,-inf,,10,10,0.000000,0.000000,0.000000,0.000000,0.000000,0.000000,0.00,0.00,False
213232,B4567/S578,False,-inf,,10,10,0.000000,0.000000,0.000000,0.000000,0.000000,0.000000,0.00,0.00,False
213796,B258/S0578,False,1.568996,0.001247,0,10,0.990966,0.011596,0.325192,0.003340,0.331181,0.005595,6541.60,69.20,True
214244,B2567/S1578,False,1.620246,0.001415,0,10,0.996754,0.006844,0.365315,0.009299,0.367715,0.010194,7294.80,69.80,True
214672,B47/S01578,False,0.919131,0.083872,0,10,0.048693,0.015303,0.000385,0.000146,0.137751,0.074187,5.90,3.00,False
215072,B5/S2578,False,1.217589,0.082115,0,10,0.014608,0.024734,0.000059,0.000094,0.021826,0.040492,0.90,0.90,False
215188,B247/S2578,False,1.905087,0.001040,0,10,1.000000,0.000000,0.465816,0.003229,0.465816,0.003229,9264.90,70.00,True
215380,B2468/S2578,False,1.974394,0.001151,0,10,1.000000,0.000000,0.479047,0.001382,0.479047,0.001382,9554.80,70.00,True
215448,B3478/S2578,False,1.684415,0.000854,0,10,0.998377,0.005133,0.413027,0.008298,0.414365,0.008062,8251.20,69.90,True
215744,B67/S02578,False,1.098612,0.000000,0,10,0.037331,0.018820,0.000150,0.000076,0.164111,0.295292,2.30,2.30,False
215912,B3568/S02578,False,1.815092,0.004752,0,10,0.969537,0.025121,0.131253,0.024859,0.138511,0.023593,1755.10,66.00,True
216872,B358/S012578,False,1.834478,0.002419,0,10,1.000000,0.000000,0.445118,0.004314,0.445118,0.004314,8878.90,70.00,True
216928,B568/S012578,False,0.574343,0.206371,0,10,0.051939,0.022697,0.000567,0.000300,0.148381,0.103696,8.70,3.20,False
217152,B6/S3578,False,1.533992,0.106839,0,10,0.000000,0.000000,0.000000,0.000000,0.000000,0.000000,0.00,0.00,False
217284,B267/S3578,False,1.691638,0.002861,0,10,1.000000,0.000000,0.362313,0.005832,0.362313,0.005832,7243.60,70.00,True
217568,B5678/S3578,False,1.459814,0.036612,0,10,0.000000,0.000000,0.000000,0.000000,0.000000,0.000000,0.00,0.00,False
217924,B268/S03578,False,1.746181,0.001425,0,10,1.000000,0.000000,0.384188,0.003620,0.384188,0.003620,7663.60,70.00,True
218084,B25678/S03578,False,1.810553,0.001891,0,10,1.000000,0.000000,0.453125,0.005051,0.453125,0.005051,9020.20,70.00,True
218120,B3/S13578,False,1.678833,0.018441,0,10,0.613865,0.105350,0.010171,0.002922,0.025904,0.004185,121.90,37.80,True
218280,B357/S13578,False,2.019027,0.001806,0,10,1.000000,0.000000,0.489494,0.004076,0.489494,0.004076,9768.50,70.00,True
218344,B3567/S13578,False,1.906220,0.001722,0,10,1.000000,0.000000,0.469293,0.002708,0.469293,0.002708,9360.80,70.00,True
219416,B348/S23578,False,1.732774,0.001374,0,10,1.000000,0.000000,0.443715,0.006272,0.443715,0.006272,8818.80,70.00,True
221092,B2578/S0123578,False,1.787662,0.001312,0,10,1.000000,0.000000,0.458482,0.005739,0.458482,0.005739,9144.70,70.00,True
221188,B2/S4578,False,1.460730,0.001510,0,10,0.960787,0.016769,0.272378,0.004909,0.295033,0.008700,5456.00,67.40,True
221680,B45678/S4578,False,1.468029,0.002356,0,10,0.871035,0.306449,0.193633,0.069276,0.206602,0.073653,3712.40,61.00,True
221856,B57/S04578,False,0.352549,0.743239,0,10,0.043823,0.035104,0.000091,0.000063,0.046605,0.067167,1.40,2.70,False
222288,B46/S14578,False,0.785855,0.218329,0,10,0.105501,0.059390,0.000339,0.000206,0.018820,0.013479,5.20,6.50,True
222344,B37/S14578,False,1.384356,0.050149,0,10,0.256448,0.057665,0.001625,0.000481,0.025807,0.011594,24.80,15.80,True
222632,B3578/S14578,False,1.828267,0.001743,0,10,1.000000,0.000000,0.391332,0.016444,0.391332,0.016444,7497.80,70.00,True
224136,B378/S024578,False,1.767220,0.002516,0,10,0.983226,0.010965,0.260572,0.022845,0.269597,0.025214,4726.80,68.80,True
225728,B678/S34578,False,1.385671,0.001438,0,10,0.043823,0.033395,0.000333,0.000270,0.073057,0.064106,5.10,2.70,False
226464,B57/S134578,False,1.334983,0.051758,0,10,0.185032,0.102139,0.003123,0.002030,0.081597,0.061633,47.90,11.40,True
226568,B38/S134578,False,1.201012,0.050060,0,10,0.319406,0.103203,0.011439,0.007250,0.105961,0.037548,179.10,19.90,True
226808,B345678/S134578,False,1.400314,0.001250,0,10,0.937502,0.010863,0.231576,0.004324,0.263287,0.006393,4637.50,65.80,True
228248,B3478/S0234578,False,1.376028,0.002712,0,10,0.957239,0.016883,0.300605,0.010398,0.327861,0.007484,6051.00,66.70,True
229144,B348/S01234578,False,1.383577,0.092758,0,10,0.154193,0.036893,0.003114,0.001507,0.118669,0.035114,47.80,9.50,True
229384,B3/S678,False,-inf,,10,10,0.000000,0.000000,0.000000,0.000000,0.000000,0.000000,0.00,0.00,False
229704,B368/S678,False,1.297744,,9,10,0.000000,0.000000,0.000000,0.000000,0.000000,0.000000,0.00,0.00,False
230688,B58/S1678,False,0.693147,0.000000,0,10,0.032462,0.021641,0.000117,0.000074,0.065018,0.064044,1.80,2.00,False
230696,B358/S1678,False,1.427504,0.133291,0,10,0.137962,0.054238,0.000599,0.000281,0.024284,0.012608,9.10,8.50,True
231088,B457/S01678,False,0.923870,0.112463,0,10,0.069793,0.013362,0.000580,0.000216,0.095286,0.021513,8.90,4.30,False
231456,B5/S2678,False,1.200230,0.087466,0,10,0.014608,0.023521,0.000078,0.000101,0.076493,0.136963,1.20,0.90,False
231656,B3567/S2678,False,1.533939,0.033038,0,10,0.246806,0.147424,0.000793,0.000649,0.009109,0.009111,12.00,15.30,True
232968,B3/S012678,False,1.457786,0.003308,0,10,0.919013,0.036256,0.238781,0.019167,0.282421,0.017967,4783.50,64.20,True
234688,B67/S13678,False,1.385419,0.001051,0,10,0.032462,0.020243,0.000183,0.000110,0.085265,0.060245,2.80,2.00,False
235208,B367/S013678,False,1.664526,0.002620,0,10,0.971230,0.017507,0.205874,0.024203,0.217792,0.022318,3787.00,67.60,True
235376,B4568/S013678,False,1.361361,0.013811,0,10,0.333593,0.066519,0.005340,0.001355,0.050382,0.019811,82.00,20.60,True
236384,B568/S023678,False,1.332965,0.002294,0,10,0.076285,0.017194,0.000672,0.000232,0.096495,0.028267,10.30,4.70,False
236992,B678/S123678,False,0.694037,0.002813,0,10,0.030839,0.011976,0.000365,0.000127,0.276027,0.158128,5.60,1.90,False
237696,B7/S4678,False,-inf,,10,10,0.000000,0.000000,0.000000,0.000000,0.000000,0.000000,0.00,0.00,False
238416,B468/S04678,False,0.000052,0.000122,0,10,0.064924,0.020243,0.000222,0.000098,0.051314,0.041772,3.40,4.00,False
239200,B56/S014678,False,0.626487,0.210579,0,10,0.061677,0.019952,0.000372,0.000127,0.084709,0.043012,5.70,3.80,False
240040,B3578/S24678,False,2.079886,0.001571,0,10,1.000000,0.000000,0.463774,0.005948,0.463774,0.005948,9234.50,70.00,True
240528,B478/S024678,False,1.524686,0.042180,0,10,0.139586,0.027799,0.001095,0.000393,0.052338,0.018479,16.80,8.60,True
240592,B4678/S024678,False,1.509564,0.081464,0,10,0.180163,0.047444,0.001401,0.000529,0.044649,0.020108,21.40,11.10,True
240640,B/S124678,False,1.388947,0.214396,0,10,0.034085,0.017862,0.000254,0.000152,0.132425,0.079116,3.90,2.10,False
241072,B4578/S124678,False,1.651780,0.033552,0,10,0.807874,0.079467,0.055309,0.009482,0.085996,0.019139,934.30,55.00,True
241200,B45/S0124678,False,1.662406,0.019804,0,10,0.693564,0.070960,0.035539,0.005580,0.073039,0.012874,496.70,42.90,True
242288,B456/S034678,False,1.353617,0.055540,0,10,0.316502,0.052035,0.005324,0.001449,0.053487,0.018826,81.40,19.50,True
242640,B4678/S034678,False,1.297802,0.037850,0,10,0.634701,0.125783,0.023011,0.010492,0.063142,0.037117,386.90,41.50,True
244880,B47/S1234678,False,1.570601,0.002615,0,10,0.984800,0.008663,0.389224,0.005988,0.401281,0.005737,7808.40,68.80,True
247424,B7/S015678,False,0.021777,0.001774,0,10,0.021100,0.018820,0.000085,0.000069,0.077760,0.084367,1.30,1.30,False
247872,B6/S25678,False,1.098612,0.000000,0,10,0.011362,0.021709,0.000059,0.000094,0.049037,0.106894,0.90,0.70,False
247936,B7/S25678,False,1.098612,0.000000,0,10,0.003246,0.010265,0.000020,0.000062,0.012000,0.037947,0.30,0.20,False
250512,B47/S035678,False,1.609171,0.053016,0,10,0.121732,0.059881,0.000326,0.000197,0.028349,0.027357,5.00,7.50,True
252096,B67/S235678,False,1.578653,0.056359,0,10,0.040577,0.039201,0.000222,0.000222,0.050059,0.062304,3.40,2.50,False
254176,B567/S45678,False,1.136106,0.109994,0,10,0.012985,0.021369,0.000117,0.000244,0.038694,0.076024,1.80,0.80,False
254912,B678/S045678,False,1.368896,0.076056,0,10,0.021100,0.028680,0.000143,0.000365,0.030732,0.068770,2.20,1.30,False
255936,B678/S0145678,False,1.362239,0.073552,0,10,0.024346,0.019128,0.000235,0.000333,0.130576,0.109145,3.60,1.50,False
259072,B/S1345678,False,1.378591,0.008042,0,10,0.024346,0.011477,0.000228,0.000157,0.227075,0.098089,3.50,1.50,False
